"","DIP_Rate","Cell_Line"
"1754",0.000568105145953189,"PC9-DS9"
"1755",-0.00180784989063021,"PC9-DS9"
"1756",0.000712478109250453,"PC9-DS9"
"1757",0.000924716104989739,"PC9-DS9"
"1758",0.00299522947614657,"PC9-DS9"
"1759",0.00611643130401518,"PC9-DS9"
"1760",0.003603597172736,"PC9-DS9"
"1761",-0.00392609077173949,"PC9-DS9"
"1762",0.00208553542692807,"PC9-DS9"
"1763",0.00270426239859204,"PC9-DS9"
"1764",0.00482227649667867,"PC9-DS9"
"1765",-0.000661218710054294,"PC9-DS9"
"1766",0.000812363429991129,"PC9-DS9"
"1767",0.00276553138044931,"PC9-DS9"
"1768",0.00234158253206979,"PC9-DS9"
"1769",-0.000548220210281216,"PC9-DS9"
"1770",0.00235683924486388,"PC9-DS9"
"1771",0.000527780624580647,"PC9-DS9"
"1772",0.000907818479859355,"PC9-DS9"
"1773",0.00088857526552989,"PC9-DS9"
"1774",0.00288349810706691,"PC9-DS9"
"1775",0.00116644040272188,"PC9-DS9"
"1776",-0.00264264510103441,"PC9-DS9"
"1777",3.94761884960038e-05,"PC9-DS9"
"1778",-0.00153209717345335,"PC9-DS9"
"1779",-0.00588151900407266,"PC9-DS9"
"1780",-0.000666825530112188,"PC9-DS9"
"1781",0.00337191765797661,"PC9-DS9"
"1782",0.00300294049629579,"PC9-DS9"
"1783",0.00445031285542595,"PC9-DS9"
"1784",0.00198446616690553,"PC9-DS9"
"1785",0.00376244840494716,"PC9-DS9"
"1786",8.73160522043431e-05,"PC9-DS9"
"1787",0.00303488146877629,"PC9-DS9"
"1788",0.00269910770924418,"PC9-DS9"
"1789",0.00324529100278409,"PC9-DS9"
"1790",-0.00366538377070839,"PC9-DS9"
"1791",0.00575132544331543,"PC9-DS9"
"1792",0.00179996973902646,"PC9-DS9"
"1793",-0.00138429351697144,"PC9-DS9"
"1794",-0.0039267484885655,"PC9-DS9"
"1795",-0.000607828711607565,"PC9-DS9"
"1796",-0.0113384617581242,"PC9-DS9"
"1797",0.00415334339975056,"PC9-DS9"
"1798",0.00379723113007239,"PC9-DS9"
"1799",0.00115082272550401,"PC9-DS9"
"1800",0.005819170547967,"PC9-DS9"
"1801",0.00433700468387191,"PC9-DS9"
"1802",-0.00595192283579124,"PC9-DS9"
"1803",0.00158151176241176,"PC9-DS9"
"1804",0.0019337133908732,"PC9-DS9"
"1805",0.00256872705853115,"PC9-DS9"
"1806",0.00347963455045921,"PC9-DS9"
"1807",0.00240157206997291,"PC9-DS9"
"1808",0.00256068492753496,"PC9-DS9"
"1809",0.00180912897442117,"PC9-DS9"
"1810",0.00265284527830672,"PC9-DS9"
"1811",-3.39297047450671e-05,"PC9-DS9"
"1812",0.00580541055856319,"PC9-DS9"
"1813",-0.00700386276173472,"PC9-DS9"
"1814",0.00492880746726513,"PC9-DS9"
"1815",0.00235022131579174,"PC9-DS9"
"1816",0.00618942084577166,"PC9-DS9"
"1817",0.00141656182148081,"PC9-DS9"
"1818",0.0017522492119381,"PC9-DS9"
"1819",0.00111577906163482,"PC9-DS9"
"1820",-0.00631653933589832,"PC9-DS9"
"1821",-0.00380048844578545,"PC9-DS9"
"1822",0.00312534651956915,"PC9-DS9"
"1823",-0.0117437996550641,"PC9-DS9"
"1824",-0.0112624768036856,"PC9-DS9"
"1825",-0.0025491437293403,"PC9-DS9"
"1826",-0.00139974555799289,"PC9-DS9"
"1827",0.00341313314653086,"PC9-DS9"
"1828",0.000854483027659882,"PC9-DS9"
"1829",0.00181608510412309,"PC9-DS9"
"1830",-0.00105730080954098,"PC9-DS9"
"1831",0.000211614751029449,"PC9-DS9"
"1832",0.00400167160576347,"PC9-DS9"
"1833",-0.00277751501651026,"PC9-DS9"
"1834",0.000119426408974813,"PC9-DS9"
"1835",0.000954034493566993,"PC9-DS9"
"1836",-0.00359169050184435,"PC9-DS9"
"1837",0.00324486420730757,"PC9-DS9"
"1838",0.000315276260730427,"PC9-DS9"
"1839",0.0030488436380048,"PC9-DS9"
"1840",-0.000822143462114518,"PC9-DS9"
"1841",0.00150732306180566,"PC9-DS9"
"1842",0.00197273147068218,"PC9-DS9"
"1843",0.0027339777128981,"PC9-DS9"
"1844",0.00188263246375331,"PC9-DS9"
"1845",-0.00174049025017864,"PC9-DS9"
"1846",-0.00290292404941384,"PC9-DS9"
"1847",0.00584582266814741,"PC9-DS9"
"1848",-0.00648328449285194,"PC9-DS9"
"1849",-0.00197054992235062,"PC9-DS9"
"1850",0.00267784292328166,"PC9-DS9"
"1851",-0.00232287407448671,"PC9-DS9"
"1852",0.00238867293582404,"PC9-DS9"
"1853",-0.000177032781221053,"PC9-DS9"
"1854",0.00294161603566366,"PC9-DS9"
"1855",-0.00136569908031853,"PC9-DS9"
"1856",0.00130261590931931,"PC9-DS9"
"1857",0.00158921155982686,"PC9-DS9"
"1858",0.000631740503890942,"PC9-DS9"
"1859",0.00150152181445251,"PC9-DS9"
"1860",0.00529519253477756,"PC9-DS9"
"1861",0.00416882790954518,"PC9-DS9"
"1862",0.0020019020481425,"PC9-DS9"
"1863",0.000859400980228715,"PC9-DS9"
"1864",-0.00360154280501971,"PC9-DS9"
"1865",0.000957215346473884,"PC9-DS9"
"1866",-0.00111743445587461,"PC9-DS9"
"1867",0.00177439092119873,"PC9-DS9"
"1868",-0.000173554479152447,"PC9-DS9"
"1869",0.00135272273810918,"PC9-DS9"
"1870",-0.000546741483597202,"PC9-DS9"
"1871",0.0009438083971516,"PC9-DS9"
"1872",-0.00253630331644792,"PC9-DS9"
"1873",-0.000298088702831131,"PC9-DS9"
"1874",-0.00339336789659185,"PC9-DS9"
"1875",-0.000642432359152107,"PC9-DS9"
"1876",0.00118501898116403,"PC9-DS9"
"1877",-0.00452269623880874,"PC9-DS9"
"1878",0.00216723002201339,"PC9-DS9"
"1879",0.00354170570993269,"PC9-DS9"
"1880",0.00463213095270416,"PC9-DS9"
"1881",0.00132301907596456,"PC9-DS9"
"1882",0.000439090564713819,"PC9-DS9"
"1883",0.000234013507395169,"PC9-DS9"
"1884",0.00386318091055324,"PC9-DS9"
"1885",-0.00104206132700281,"PC9-DS9"
"1886",0.00240623607468521,"PC9-DS9"
"1887",0.0037749229493606,"PC9-DS9"
"1888",-0.00873872068867007,"PC9-DS9"
"1889",-0.00243383678789832,"PC9-DS9"
"1890",0.00176477020366784,"PC9-DS9"
"1891",0.00282782159392963,"PC9-DS9"
"1892",6.69417466129892e-05,"PC9-DS9"
"1893",-0.000560577665919323,"PC9-DS9"
"1894",0.00101489172087072,"PC9-DS9"
"1895",0.0030582974155746,"PC9-DS9"
"1896",0.00115670485507804,"PC9-DS9"
"1897",0.000989598243706105,"PC9-DS9"
"1898",0.00363691836922726,"PC9-DS9"
"1899",0.000669668338211303,"PC9-DS9"
"1900",-0.00309956619927879,"PC9-DS9"
"1901",-0.00772558453715498,"PC9-DS9"
"1902",0.00206629531254628,"PC9-DS9"
"1903",0.00138159864504618,"PC9-DS9"
"1904",0.00108739070281466,"PC9-DS9"
"1905",-0.00171866366477501,"PC9-DS9"
"1906",0.00226565437374107,"PC9-DS9"
"1907",-0.0119470845228487,"PC9-DS9"
"1908",0.00209739783169683,"PC9-DS9"
"1909",0.00180535980587767,"PC9-DS9"
"1910",-0.00152827501683292,"PC9-DS9"
"1911",0.00146315204912648,"PC9-DS9"
"1912",-0.000310193023233034,"PC9-DS9"
"1913",0.00103632429047665,"PC9-DS9"
"1914",-0.000737975314567503,"PC9-DS9"
"1915",-0.00176970584546113,"PC9-DS9"
"1916",0.00141292862581442,"PC9-DS9"
"1917",0.000910136699978762,"PC9-DS9"
"1918",0.000331735368858729,"PC9-DS9"
"1919",0.00410839917837262,"PC9-DS9"
"1920",0.00332544933833775,"PC9-DS9"
"1921",0.00488172409092544,"PC9-DS9"
"1922",0.00114030377667338,"PC9-DS9"
"1923",0.00176557900783672,"PC9-DS9"
"1924",0.00515586636511852,"PC9-DS9"
"1925",0.00243855730596125,"PC9-DS9"
"1926",-0.000164844362583344,"PC9-DS9"
"1927",0.00301579346382775,"PC9-DS9"
"1928",0.00170241459569851,"PC9-DS9"
"1929",-0.00717582612763548,"PC9-DS9"
"1930",0.00234593526712087,"PC9-DS9"
"1931",-4.73328047422679e-05,"PC9-DS9"
"1932",0.00133111895440216,"PC9-DS9"
"1933",0.00529107396800602,"PC9-DS9"
"1934",0.000722543702890502,"PC9-DS9"
"1935",0.00154906417216282,"PC9-DS9"
"1936",0.0010545190660393,"PC9-DS9"
"1937",0.00358425748734727,"PC9-DS9"
"1938",0.00226607905047814,"PC9-DS9"
"1939",0.00201502930555385,"PC9-DS9"
"1940",0.00418416747934217,"PC9-DS9"
"1941",0.00229225794656261,"PC9-DS9"
"1942",0.00216273767545689,"PC9-DS9"
"1943",0.00258687349341082,"PC9-DS9"
"1944",0.000428989431596326,"PC9-DS9"
"1945",-0.00663145185572884,"PC9-DS9"
"1946",0.00201026263819394,"PC9-DS9"
"1947",0.000178304934527446,"PC9-DS9"
"1948",0.00320044075201624,"PC9-DS9"
"1949",0.00158601042394715,"PC9-DS9"
"1950",0.00154665675207492,"PC9-DS9"
"1951",0.00208533758208541,"PC9-DS9"
"1952",0.0020734283420048,"PC9-DS9"
"1953",0.00132518282525837,"PC9-DS9"
"1954",0.00214312213443883,"PC9-DS9"
"1955",-0.000256098958243147,"PC9-DS9"
"1956",0.00138715079583956,"PC9-DS9"
"1957",0.00335077791187365,"PC9-DS9"
"1958",-0.000217774554598107,"PC9-DS9"
"1959",0.00227866373575998,"PC9-DS9"
"1960",0.00362282089620047,"PC9-DS9"
"1961",0.000967514056394029,"PC9-DS9"
"1962",-0.000174948285632037,"PC9-DS9"
"1963",0.00287344980760675,"PC9-DS9"
"1964",0.00348969260474793,"PC9-DS9"
"1965",-0.00360339849172393,"PC9-DS9"
"1966",0.00183461651877942,"PC9-DS9"
"1967",0.00288470229199955,"PC9-DS9"
"1968",-0.00798718529075945,"PC9-DS9"
"1969",0.000552025141818073,"PC9-DS9"
"1970",0.000789817212505553,"PC9-DS9"
"1971",0.00210626065860603,"PC9-DS9"
"1972",0.00072499747237699,"PC9-DS9"
"1973",0.00346219219796824,"PC9-DS9"
"1974",0.00129643400342434,"PC9-DS9"
"1975",0.00136365914519461,"PC9-DS9"
"1976",0.00156583008259455,"PC9-DS9"
"1977",0.00407970523108577,"PC9-DS9"
"1978",0.00310976934789461,"PC9-DS9"
"1979",-0.00140531161863708,"PC9-DS9"
"1980",0.000410966984785755,"PC9-DS9"
"1981",0.00310285337323939,"PC9-DS9"
"1982",0.00203084678478297,"PC9-DS9"
"1983",0.00215707688400825,"PC9-DS9"
"1984",0.00802652315518811,"PC9-DS9"
"1985",0.00438551760893723,"PC9-DS9"
"1986",-0.00179999612055305,"PC9-DS9"
"1987",0.00293088530081743,"PC9-DS9"
"1988",0.00177811844557417,"PC9-DS9"
"1989",-0.00143333482763998,"PC9-DS9"
"1990",-0.00320460563133364,"PC9-DS9"
"1991",0.00335420204389595,"PC9-DS9"
"1992",0.00417920257452036,"PC9-DS9"
"1993",0.00468035353961858,"PC9-DS9"
"1994",0.00151562832787954,"PC9-DS9"
"1995",0.00229949530835139,"PC9-DS9"
"1996",0.000602249553044619,"PC9-DS9"
"1997",0.00154877834655627,"PC9-DS9"
"1998",0.000848137902770273,"PC9-DS9"
"1999",-0.00057523549910927,"PC9-DS9"
"2000",0.00459909675174914,"PC9-DS9"
"2001",0.0028526695974838,"PC9-DS9"
"2002",0.00384556460537006,"PC9-DS9"
"2003",0.00160875624917842,"PC9-DS9"
"2004",0.0047906301012315,"PC9-DS9"
"2005",0.000869106979514851,"PC9-DS9"
"2006",0.00630491333856549,"PC9-DS9"
"2007",0.00509289376047824,"PC9-DS9"
"2008",0.00408060999542185,"PC9-DS9"
"2009",0.000538056258328775,"PC9-DS9"
"2010",-0.00171930976294763,"PC9-DS9"
"2011",-0.00188172216540747,"PC9-DS9"
"2012",0.00316357485362207,"PC9-DS9"
"2013",0.00379773116709266,"PC9-DS9"
"2014",0.00479599420815406,"PC9-DS9"
"2015",-0.000307852980637046,"PC9-DS9"
"2016",0.00116543176877792,"PC9-DS9"
"2017",0.00679682246519583,"PC9-DS9"
"2018",0.00394427134023902,"PC9-DS8"
"2019",0.00987693728800853,"PC9-DS8"
"2020",0.00772137471946401,"PC9-DS8"
"2021",0.000504510174218701,"PC9-DS8"
"2022",0.00776919611026986,"PC9-DS8"
"2023",-0.00208724655232963,"PC9-DS8"
"2024",-0.000379957396917216,"PC9-DS8"
"2025",0.00374839543366973,"PC9-DS8"
"2026",0.013489237346919,"PC9-DS8"
"2027",0.00665938076871249,"PC9-DS8"
"2028",0.00645647589258238,"PC9-DS8"
"2029",0.00718000072217527,"PC9-DS8"
"2030",0.00153610557919116,"PC9-DS8"
"2031",0.00272528669388901,"PC9-DS8"
"2032",0.0109361813021411,"PC9-DS8"
"2033",0.00127499673923305,"PC9-DS8"
"2034",0.00175434970797755,"PC9-DS8"
"2035",0.00292298609532616,"PC9-DS8"
"2036",0.0126492890930271,"PC9-DS8"
"2037",0.00132816513371678,"PC9-DS8"
"2038",0.00126813919658557,"PC9-DS8"
"2039",-4.16714399477721e-05,"PC9-DS8"
"2040",0.0127238360040291,"PC9-DS8"
"2041",0.00780674970732931,"PC9-DS8"
"2042",0.00632888950616849,"PC9-DS8"
"2043",0.00544988547861212,"PC9-DS8"
"2044",0.00719462974914281,"PC9-DS8"
"2045",-0.000999403384792283,"PC9-DS8"
"2046",0.00725093694103497,"PC9-DS8"
"2047",0.0156263944400692,"PC9-DS8"
"2048",0.0011189138522489,"PC9-DS8"
"2049",0.00988686448609351,"PC9-DS8"
"2050",0.00845074249566491,"PC9-DS8"
"2051",0.0166859042881232,"PC9-DS8"
"2052",0.00215901365415544,"PC9-DS8"
"2053",0.00642651346145841,"PC9-DS8"
"2054",-0.00095527810423075,"PC9-DS8"
"2055",0.00193332672612757,"PC9-DS8"
"2056",0.00928214617232754,"PC9-DS8"
"2057",0.00168032027586899,"PC9-DS8"
"2058",0.000653608715636193,"PC9-DS8"
"2059",0.00278584228468338,"PC9-DS8"
"2060",0.0106967585090516,"PC9-DS8"
"2061",0.00491408061900724,"PC9-DS8"
"2062",0.00586003064963204,"PC9-DS8"
"2063",0.00700585676526663,"PC9-DS8"
"2064",-0.0024247985542404,"PC9-DS8"
"2065",-0.00100440223364167,"PC9-DS8"
"2066",0.00487462495714013,"PC9-DS8"
"2067",0.00777847244207261,"PC9-DS8"
"2068",0.00897077437166811,"PC9-DS8"
"2069",0.00516677970043884,"PC9-DS8"
"2070",0.0144625948273164,"PC9-DS8"
"2071",-0.0014844085256116,"PC9-DS8"
"2072",0.0105514760946355,"PC9-DS8"
"2073",0.00563738074380054,"PC9-DS8"
"2074",0.00652938808386362,"PC9-DS8"
"2075",-2.70421721227776e-05,"PC9-DS8"
"2076",0.00910267223258459,"PC9-DS8"
"2077",0.0163168130114163,"PC9-DS8"
"2078",-0.000571615810701382,"PC9-DS8"
"2079",0.0139426023324721,"PC9-DS8"
"2080",0.00532621209250995,"PC9-DS8"
"2081",0.00396282381651409,"PC9-DS8"
"2082",-0.000313804728406797,"PC9-DS8"
"2083",0.0148497329312589,"PC9-DS8"
"2084",0.00611545606895748,"PC9-DS8"
"2085",0.0135532439575597,"PC9-DS8"
"2086",0.00944650940886247,"PC9-DS8"
"2087",0.00843532367604985,"PC9-DS8"
"2088",0.000127178662211128,"PC9-DS8"
"2089",0.0156498199610435,"PC9-DS8"
"2090",0.00850200394126908,"PC9-DS8"
"2091",0.00115328152417238,"PC9-DS8"
"2092",0.0139885438733231,"PC9-DS8"
"2093",0.0091126754893476,"PC9-DS8"
"2094",0.00699378099683795,"PC9-DS8"
"2095",0.00668691631832447,"PC9-DS8"
"2096",-0.000443277390199474,"PC9-DS8"
"2097",0.00815759794402219,"PC9-DS8"
"2098",0.00792361060674511,"PC9-DS8"
"2099",0.0122113289022635,"PC9-DS8"
"2100",0.00687952625272584,"PC9-DS8"
"2101",0.00049068528046083,"PC9-DS8"
"2102",0.000163396578095688,"PC9-DS8"
"2103",0.0133414164422211,"PC9-DS8"
"2104",0.000509025559861979,"PC9-DS8"
"2105",-0.0004469662411139,"PC9-DS8"
"2106",0.0127723978308967,"PC9-DS8"
"2107",0.000111564308052068,"PC9-DS8"
"2108",0.000899678892926737,"PC9-DS8"
"2109",0.00857592894980557,"PC9-DS8"
"2110",0.00215026395426612,"PC9-DS8"
"2111",0.00925836511444812,"PC9-DS8"
"2112",0.0171480252738448,"PC9-DS8"
"2113",0.000790253616384708,"PC9-DS8"
"2114",0.00744676849993407,"PC9-DS8"
"2115",0.0126593121426352,"PC9-DS8"
"2116",0.00174015863953974,"PC9-DS8"
"2117",0.00933979868764752,"PC9-DS8"
"2118",0.0031674721718659,"PC9-DS8"
"2119",-0.00178304154645819,"PC9-DS8"
"2120",0.000206024530887692,"PC9-DS8"
"2121",0.00150410591334427,"PC9-DS8"
"2122",0.0116494713747623,"PC9-DS8"
"2123",0.0133791601698595,"PC9-DS8"
"2124",0.00677838993873175,"PC9-DS8"
"2125",0.00720073089663472,"PC9-DS8"
"2126",-0.000249401649051722,"PC9-DS8"
"2127",0.00360523208741738,"PC9-DS8"
"2128",-0.0013137792735711,"PC9-DS8"
"2129",-0.00209987063212443,"PC9-DS8"
"2130",0.000544682833594313,"PC9-DS8"
"2131",0.00858886954224209,"PC9-DS8"
"2132",0.00171646006188372,"PC9-DS8"
"2133",-0.00144527243359619,"PC9-DS8"
"2134",0.00840339954796853,"PC9-DS8"
"2135",0.00678816001596134,"PC9-DS8"
"2136",0.00861174505212328,"PC9-DS8"
"2137",0.000265267988961152,"PC9-DS8"
"2138",0.00102582747711087,"PC9-DS8"
"2139",0.00612333934389406,"PC9-DS8"
"2140",0.0103259163785295,"PC9-DS8"
"2141",-0.00118280559565567,"PC9-DS8"
"2142",0.0136955552332706,"PC9-DS8"
"2143",0.00110494242146744,"PC9-DS8"
"2144",0.00472849767611713,"PC9-DS8"
"2145",0.00962774285769454,"PC9-DS8"
"2146",0.00412851599673745,"PC9-DS8"
"2147",0.000769702539729102,"PC9-DS8"
"2148",0.000478480037633272,"PC9-DS8"
"2149",0.00215112400688547,"PC9-DS8"
"2150",0.00842315164124208,"PC9-DS8"
"2151",0.00144458555349121,"PC9-DS8"
"2152",0.0128493512447601,"PC9-DS8"
"2153",0.00129315458032368,"PC9-DS8"
"2154",0.00374904445857091,"PC9-DS8"
"2155",0.0098455999859331,"PC9-DS8"
"2156",0.00314080586340882,"PC9-DS8"
"2157",0.00352991982061086,"PC9-DS8"
"2158",0.00945470417704102,"PC9-DS8"
"2159",0.00318887758169224,"PC9-DS8"
"2160",-0.000152887916112976,"PC9-DS8"
"2161",0.00182159209192465,"PC9-DS8"
"2162",0.00230891323752531,"PC9-DS8"
"2163",0.0082375395449221,"PC9-DS8"
"2164",0.00508265200136242,"PC9-DS8"
"2165",-0.00321224403942195,"PC9-DS8"
"2166",0.00863703722439943,"PC9-DS8"
"2167",-0.00266111151437218,"PC9-DS8"
"2168",0.00096695599749249,"PC9-DS8"
"2169",0.00512418074869472,"PC9-DS8"
"2170",0.00216755335165244,"PC9-DS8"
"2171",-0.00116903784709356,"PC9-DS8"
"2172",-0.00299162806515005,"PC9-DS8"
"2173",0.00798906699714783,"PC9-DS8"
"2174",-0.000809507781101465,"PC9-DS8"
"2175",0.00122226618191529,"PC9-DS8"
"2176",0.00376582833704357,"PC9-DS8"
"2177",-0.000785452242224426,"PC9-DS8"
"2178",0.00943976816754953,"PC9-DS8"
"2179",0.00893476350390762,"PC9-DS8"
"2180",0.00918081070857067,"PC9-DS8"
"2181",0.000320221997526843,"PC9-DS8"
"2182",-0.00114241048420293,"PC9-DS8"
"2183",0.00222476759862672,"PC9-DS8"
"2184",0.000290075800407974,"PC9-DS8"
"2185",0.00638650212708674,"PC9-DS8"
"2186",0.00722840219543452,"PC9-DS8"
"2187",0.000807047761728113,"PC9-DS8"
"2188",0.00204038543526413,"PC9-DS8"
"2189",0.00108045776195455,"PC9-DS8"
"2190",0.000925172233739847,"PC9-DS8"
"2191",0.00113831564897334,"PC9-DS8"
"2192",0.00125724035855486,"PC9-DS8"
"2193",0.000704016328145274,"PC9-DS8"
"2194",0.0113092434619466,"PC9-DS8"
"2195",0.00563459342487225,"PC9-DS8"
"2196",0.00478232968555019,"PC9-DS8"
"2197",0.00127382438817228,"PC9-DS8"
"2198",0.00713671137080496,"PC9-DS8"
"2199",0.00672664564594872,"PC9-DS8"
"2200",0.00664510246664849,"PC9-DS8"
"2201",0.000244938258737474,"PC9-DS8"
"2202",0.00583186192542361,"PC9-DS8"
"2203",0.00653296702702777,"PC9-DS8"
"2204",-0.00160357536113029,"PC9-DS8"
"2205",0.000614076848916945,"PC9-DS8"
"2206",0.00167861321643132,"PC9-DS8"
"2207",-0.00298261041756369,"PC9-DS8"
"2208",0.00350822411962929,"PC9-DS8"
"2209",0.000659768249823667,"PC9-DS8"
"2210",0.00390968816252707,"PC9-DS8"
"2211",0.000402201490608218,"PC9-DS8"
"2212",0.00136119711378819,"PC9-DS8"
"2213",0.0158800913995034,"PC9-DS8"
"2214",-0.000163109332035815,"PC9-DS8"
"2215",-0.0014038049927841,"PC9-DS8"
"2216",0.00107836129613113,"PC9-DS8"
"2217",0.0124086374812063,"PC9-DS8"
"2218",0.00441694615575673,"PC9-DS8"
"2219",0.000205887595002788,"PC9-DS8"
"2220",0.00985032862820375,"PC9-DS8"
"2221",0.0116990640701168,"PC9-DS8"
"2222",0.00155547871507227,"PC9-DS8"
"2223",-0.00147150632791197,"PC9-DS8"
"2224",0.00130008360736549,"PC9-DS8"
"2225",0.000493284017430617,"PC9-DS8"
"2226",-0.000694731764184405,"PC9-DS8"
"2227",0.00151147247484459,"PC9-DS8"
"2228",-0.000782123829839703,"PC9-DS8"
"2229",0.00185115304689353,"PC9-DS8"
"2230",0.00136015202518955,"PC9-DS8"
"2231",0.00192304155520642,"PC9-DS8"
"2232",0.00108084307806128,"PC9-DS8"
"2233",-0.000359661364047144,"PC9-DS8"
"2234",0.00103184588740918,"PC9-DS8"
"2235",0.0023730243449088,"PC9-DS8"
"2236",0.000681361871066084,"PC9-DS8"
"2237",0.00293992366706578,"PC9-DS8"
"2238",0.00105774933561589,"PC9-DS8"
"2239",0.0104673581814974,"PC9-DS8"
"2240",-0.00140153055233448,"PC9-DS8"
"2241",0.0102825588881852,"PC9-DS8"
"2242",-0.000599409438751167,"PC9-DS8"
"2243",-0.00455865808958074,"PC9-DS8"
"2244",0.0113882164694122,"PC9-DS8"
"2245",-0.00116945911525876,"PC9-DS8"
"2246",0.0123067461842232,"PC9-DS8"
"2247",3.91131155819569e-05,"PC9-DS8"
"2248",0.00230016859499956,"PC9-DS8"
"2249",0.000513493889567892,"PC9-DS8"
"2250",0.0114067550917101,"PC9-DS8"
"2251",-0.000167976263471656,"PC9-DS8"
"2252",0.00192501420464479,"PC9-DS8"
"2253",0.00353808520078037,"PC9-DS8"
"2254",-0.000585196670535857,"PC9-DS8"
"2255",0.00291955055073994,"PC9-DS8"
"2256",0.00232296337712095,"PC9-DS8"
"2257",0.00200134300502715,"PC9-DS8"
"2258",0.0110804690592078,"PC9-DS8"
"2259",0.0083880805733177,"PC9-DS8"
"2260",0.00993616162128966,"PC9-DS8"
"2261",0.00107296673781725,"PC9-DS8"
"2262",0.0102848795674811,"PC9-DS8"
"2263",0.00117761564313796,"PC9-DS8"
"2264",0.00973982738728019,"PC9-DS8"
"2265",0.000805153082933456,"PC9-DS8"
"2266",0.00462868565630571,"PC9-DS8"
"2267",0.000986354436200175,"PC9-DS8"
"2268",0.00111478320270501,"PC9-DS8"
"2269",-0.000594414124425992,"PC9-DS8"
"2270",-0.000830862425401922,"PC9-DS8"
"2271",0.00134880758288442,"PC9-DS8"
"2272",-0.000762136367180316,"PC9-DS8"
"2273",0.00441975383089075,"PC9-DS8"
"2274",0.00512176852404842,"PC9-DS8"
"2275",-0.000754662720570025,"PC9-DS8"
"2276",4.26532573327794e-05,"PC9-DS8"
"2277",-0.00189143999845089,"PC9-DS8"
"2278",0.00121940496167454,"PC9-DS8"
"2279",0.00176758228321735,"PC9-DS8"
"2280",0.000107771950495186,"PC9-DS8"
"2281",0.00260469278813526,"PC9-DS8"
"2282",0.0127081080592077,"PC9-DS8"
"2283",-0.000546615280315751,"PC9-DS8"
"2284",0.00620472838687199,"PC9-DS8"
"2285",-0.00342237176826433,"PC9-DS8"
"2286",0.000478366731675838,"PC9-DS8"
"2287",0.00142127342254772,"PC9-DS8"
"2288",-0.000760461053811634,"PC9-DS8"
"2289",-0.00143121468217186,"PC9-DS8"
"2290",-0.000680421404483779,"PC9-DS8"
"2291",0.000548437764066316,"PC9-DS8"
"2292",0.000305088778790109,"PC9-DS8"
"2293",0.000844890787611574,"PC9-DS8"
"2294",-0.00147570596449108,"PC9-DS8"
"2295",0.00136923735162578,"PC9-DS8"
"2296",-1.18144241086617e-05,"PC9-DS8"
"2297",-0.00275755301531676,"PC9-DS8"
"2298",0.00291107921110374,"PC9-DS7"
"2299",0.00386561997581376,"PC9-DS7"
"2300",0.0039433403326612,"PC9-DS7"
"2301",0.00514289582673609,"PC9-DS7"
"2302",0.00424172963947698,"PC9-DS7"
"2303",0.00155231844390015,"PC9-DS7"
"2304",0.00414828248922864,"PC9-DS7"
"2305",0.0010963720760913,"PC9-DS7"
"2306",0.00243029594453433,"PC9-DS7"
"2307",0.00351014887896796,"PC9-DS7"
"2308",0.00282544322684999,"PC9-DS7"
"2309",0.00251222589800039,"PC9-DS7"
"2310",0.00105954308198469,"PC9-DS7"
"2311",0.00190587370852536,"PC9-DS7"
"2312",0.00096822583633439,"PC9-DS7"
"2313",-0.000889809007383447,"PC9-DS7"
"2314",-0.000933661152154782,"PC9-DS7"
"2315",-0.00074809990048791,"PC9-DS7"
"2316",0.00320351787903891,"PC9-DS7"
"2317",0.00641553369547906,"PC9-DS7"
"2318",-0.00102675952347374,"PC9-DS7"
"2319",0.00298488601050018,"PC9-DS7"
"2320",0.00247438211759559,"PC9-DS7"
"2321",0.00550789523692213,"PC9-DS7"
"2322",0.00746668065804455,"PC9-DS7"
"2323",0.0031657192799603,"PC9-DS7"
"2324",0.00326557254419587,"PC9-DS7"
"2325",0.00398168396263652,"PC9-DS7"
"2326",-0.000483095697935873,"PC9-DS7"
"2327",0.000629764169647063,"PC9-DS7"
"2328",0.000374722796998487,"PC9-DS7"
"2329",-0.00287218329252453,"PC9-DS7"
"2330",0.00379717983782465,"PC9-DS7"
"2331",5.2182794162342e-05,"PC9-DS7"
"2332",0.0022566762027771,"PC9-DS7"
"2333",0.00234789992540929,"PC9-DS7"
"2334",-0.000127567640042322,"PC9-DS7"
"2335",0.00132224588046374,"PC9-DS7"
"2336",0.00189136936020222,"PC9-DS7"
"2337",6.87951648744047e-06,"PC9-DS7"
"2338",0.00261558486620622,"PC9-DS7"
"2339",0.00276967047907001,"PC9-DS7"
"2340",0.000356541811056262,"PC9-DS7"
"2341",0.00623424069147547,"PC9-DS7"
"2342",0.000964577864576965,"PC9-DS7"
"2343",0.00187085224272507,"PC9-DS7"
"2344",-0.000304680957829608,"PC9-DS7"
"2345",-0.000650230288300841,"PC9-DS7"
"2346",0.0028244791112711,"PC9-DS7"
"2347",0.00472354984027361,"PC9-DS7"
"2348",0.000900550989890388,"PC9-DS7"
"2349",-0.00207631152974329,"PC9-DS7"
"2350",0.00440848112415554,"PC9-DS7"
"2351",0.000910786084975551,"PC9-DS7"
"2352",-0.000134393625935299,"PC9-DS7"
"2353",0.000937600173056884,"PC9-DS7"
"2354",0.00103419639153434,"PC9-DS7"
"2355",-0.00307235200759491,"PC9-DS7"
"2356",-0.000870316701949356,"PC9-DS7"
"2357",0.00214069313379443,"PC9-DS7"
"2358",0.00162714613957545,"PC9-DS7"
"2359",0.0005074325272839,"PC9-DS7"
"2360",0.00732257638697208,"PC9-DS7"
"2361",0.00308639587229321,"PC9-DS7"
"2362",0.00674027861452276,"PC9-DS7"
"2363",0.00319792284477256,"PC9-DS7"
"2364",0.0001875845945004,"PC9-DS7"
"2365",-0.00262508886595253,"PC9-DS7"
"2366",0.000622591990267177,"PC9-DS7"
"2367",-0.00218245760139961,"PC9-DS7"
"2368",0.00507847976831152,"PC9-DS7"
"2369",0.00134408591213474,"PC9-DS7"
"2370",0.00395966911806965,"PC9-DS7"
"2371",0.00345526733412832,"PC9-DS7"
"2372",0.00223413209569075,"PC9-DS7"
"2373",0.000209942904856425,"PC9-DS7"
"2374",-0.0101676707084767,"PC9-DS7"
"2375",-0.00132996288742354,"PC9-DS7"
"2376",NA,"PC9-DS7"
"2377",0.00134103163351501,"PC9-DS7"
"2378",0.00242325225749937,"PC9-DS7"
"2379",0.00316660452836221,"PC9-DS7"
"2380",0.00582500403383122,"PC9-DS7"
"2381",0.00337602078495894,"PC9-DS7"
"2382",0.00244162042386336,"PC9-DS7"
"2383",0.00504137603025382,"PC9-DS7"
"2384",-0.00330463608590225,"PC9-DS7"
"2385",4.76238030905004e-05,"PC9-DS7"
"2386",0.00280772892942237,"PC9-DS7"
"2387",0.00330931632333055,"PC9-DS7"
"2388",0.00292341171737886,"PC9-DS7"
"2389",-0.00307960306793813,"PC9-DS7"
"2390",0.00291452036806811,"PC9-DS7"
"2391",0.00299427495206124,"PC9-DS7"
"2392",-0.000688425465380885,"PC9-DS7"
"2393",0.00367960276643347,"PC9-DS7"
"2394",0.0049931358668205,"PC9-DS7"
"2395",0.00180097040197264,"PC9-DS7"
"2396",0.00137015954909857,"PC9-DS7"
"2397",0.00157987657787369,"PC9-DS7"
"2398",-0.000881521996934487,"PC9-DS7"
"2399",0.00809117041043577,"PC9-DS7"
"2400",0.00204297077312314,"PC9-DS7"
"2401",-0.000975365045485435,"PC9-DS7"
"2402",0.00471973203631434,"PC9-DS7"
"2403",0.00314712277078813,"PC9-DS7"
"2404",-0.00131441776588653,"PC9-DS7"
"2405",0.000960813546156332,"PC9-DS7"
"2406",0.00269398810102828,"PC9-DS7"
"2407",0.00583377883839443,"PC9-DS7"
"2408",0.00213916484574813,"PC9-DS7"
"2409",0.000712389515645081,"PC9-DS7"
"2410",0.00354629794818363,"PC9-DS7"
"2411",0.00384319227351402,"PC9-DS7"
"2412",0.00155016382299776,"PC9-DS7"
"2413",0.0020766671073716,"PC9-DS7"
"2414",0.00107285470704385,"PC9-DS7"
"2415",-0.000171695853114447,"PC9-DS7"
"2416",0.00186400931725641,"PC9-DS7"
"2417",0.00723941328449128,"PC9-DS7"
"2418",-0.000913473960711944,"PC9-DS7"
"2419",0.00441177291830101,"PC9-DS7"
"2420",0.00203518583034772,"PC9-DS7"
"2421",0.00566707631369592,"PC9-DS7"
"2422",0.000285198663297187,"PC9-DS7"
"2423",-0.000861222141710141,"PC9-DS7"
"2424",0.00426768620834621,"PC9-DS7"
"2425",0.00189640745034736,"PC9-DS7"
"2426",0.00589799421158037,"PC9-DS7"
"2427",0.00255310203119353,"PC9-DS7"
"2428",0.00118671187261271,"PC9-DS7"
"2429",0.00551153505335114,"PC9-DS7"
"2430",-0.00456391443581921,"PC9-DS7"
"2431",0.00374647105396261,"PC9-DS7"
"2432",0.00374953431004446,"PC9-DS7"
"2433",-0.000554538051908178,"PC9-DS7"
"2434",0.00643710066299724,"PC9-DS7"
"2435",-0.000502182808917394,"PC9-DS7"
"2436",0.00336756878973112,"PC9-DS7"
"2437",0.00303479479445556,"PC9-DS7"
"2438",-0.00185256774573349,"PC9-DS7"
"2439",0.00419488106390303,"PC9-DS7"
"2440",0.00348773638233994,"PC9-DS7"
"2441",-0.000539106000832586,"PC9-DS7"
"2442",0.00595035877674753,"PC9-DS7"
"2443",0.00048528982900998,"PC9-DS7"
"2444",0.00552146328886948,"PC9-DS7"
"2445",-0.000870564266465267,"PC9-DS7"
"2446",0.00498086728179157,"PC9-DS7"
"2447",0.00407405001611288,"PC9-DS7"
"2448",0.00153397408074906,"PC9-DS7"
"2449",0.00499702648960119,"PC9-DS7"
"2450",0.00649080019563265,"PC9-DS7"
"2451",0.00558395209540932,"PC9-DS7"
"2452",0.00405169982167295,"PC9-DS7"
"2453",0.00680986832703737,"PC9-DS7"
"2454",0.00425245376055124,"PC9-DS7"
"2455",0.0021830853998884,"PC9-DS7"
"2456",0.00200115022212711,"PC9-DS7"
"2457",0.00507296881920269,"PC9-DS7"
"2458",-0.00321895986493798,"PC9-DS7"
"2459",0.0014323208431897,"PC9-DS7"
"2460",0.00169884884555665,"PC9-DS7"
"2461",-0.00122949642217477,"PC9-DS7"
"2462",0.000554813266912131,"PC9-DS7"
"2463",0.00192040458681525,"PC9-DS7"
"2464",0.00190467361100554,"PC9-DS7"
"2465",0.00339987739974005,"PC9-DS7"
"2466",-0.00386938564575436,"PC9-DS7"
"2467",0.00496966469767407,"PC9-DS7"
"2468",0.00480452057668555,"PC9-DS7"
"2469",-0.000149110396082354,"PC9-DS7"
"2470",0.00465663911198431,"PC9-DS7"
"2471",0.00283176754231854,"PC9-DS7"
"2472",0.00293759429135681,"PC9-DS7"
"2473",0.00104701796758815,"PC9-DS7"
"2474",0.0030461277871959,"PC9-DS7"
"2475",0.00196558913624722,"PC9-DS7"
"2476",0.00566146322080279,"PC9-DS7"
"2477",-0.000872832109732697,"PC9-DS7"
"2478",0.00410319966612317,"PC9-DS7"
"2479",-0.000935465416399664,"PC9-DS7"
"2480",0.00297972446780056,"PC9-DS7"
"2481",0.0024636233596133,"PC9-DS7"
"2482",0.00231374113221721,"PC9-DS7"
"2483",0.00251730225440044,"PC9-DS7"
"2484",0.00225340221839845,"PC9-DS7"
"2485",-0.00106002820617194,"PC9-DS7"
"2486",0.00438452038007657,"PC9-DS7"
"2487",0.00323062824554974,"PC9-DS7"
"2488",0.00304127136173415,"PC9-DS7"
"2489",0.00247983942923654,"PC9-DS7"
"2490",0.00204701172888437,"PC9-DS7"
"2491",0.00249724213639583,"PC9-DS7"
"2492",0.00607666780623497,"PC9-DS7"
"2493",0.00195446177249879,"PC9-DS7"
"2494",0.00305925641322298,"PC9-DS7"
"2495",0.00108088599533651,"PC9-DS7"
"2496",0.00220869672315694,"PC9-DS7"
"2497",-0.00335522558879563,"PC9-DS7"
"2498",0.00142698913312888,"PC9-DS7"
"2499",0.00261875199370052,"PC9-DS7"
"2500",0.00251659359334815,"PC9-DS7"
"2501",0.00528800068477631,"PC9-DS7"
"2502",0.000838059749253479,"PC9-DS7"
"2503",0.0032794875114494,"PC9-DS7"
"2504",0.00372446697489295,"PC9-DS7"
"2505",0.00259359338531154,"PC9-DS7"
"2506",0.00273410107044873,"PC9-DS7"
"2507",0.00416517396962448,"PC9-DS7"
"2508",0.0057091960184179,"PC9-DS7"
"2509",0.00265313467310017,"PC9-DS7"
"2510",0.00102484913710098,"PC9-DS7"
"2511",0.0019066806054662,"PC9-DS7"
"2512",0.00383247640844979,"PC9-DS7"
"2513",0.0025220689541148,"PC9-DS7"
"2514",0.00351103701870215,"PC9-DS7"
"2515",0.00470930923629067,"PC9-DS7"
"2516",0.000338478878983741,"PC9-DS7"
"2517",0.00120604779066715,"PC9-DS7"
"2518",0.00594947453052421,"PC9-DS7"
"2519",0.00330475599556141,"PC9-DS7"
"2520",0.00485095422621474,"PC9-DS7"
"2521",0.00306962262282022,"PC9-DS7"
"2522",0.00234364799929367,"PC9-DS7"
"2523",0.00224544580494224,"PC9-DS7"
"2524",0.000447631858089611,"PC9-DS7"
"2525",0.00157747022242685,"PC9-DS7"
"2526",0.00291508865896086,"PC9-DS7"
"2527",0.00583491205553639,"PC9-DS7"
"2528",0.00675483745485413,"PC9-DS7"
"2529",0.00315469350944911,"PC9-DS7"
"2530",0.00317295270775672,"PC9-DS7"
"2531",0.00365353425810623,"PC9-DS7"
"2532",0.00546401716278593,"PC9-DS7"
"2533",0.00302964131276589,"PC9-DS6"
"2534",0.00336233928824576,"PC9-DS6"
"2535",-0.00135619097620242,"PC9-DS6"
"2536",0.00143829294592684,"PC9-DS6"
"2537",0.00047596600745043,"PC9-DS6"
"2538",0.00065226541745219,"PC9-DS6"
"2539",0.000659075857790152,"PC9-DS6"
"2540",-0.00440308814409295,"PC9-DS6"
"2541",-0.00114322464287889,"PC9-DS6"
"2542",0.0029439096889094,"PC9-DS6"
"2543",-0.000718162467475507,"PC9-DS6"
"2544",0.000995371329821674,"PC9-DS6"
"2545",0.000906252567534689,"PC9-DS6"
"2546",0.00147235606074275,"PC9-DS6"
"2547",-0.00025656281539321,"PC9-DS6"
"2548",0.00321175268900999,"PC9-DS6"
"2549",0.000304265811734665,"PC9-DS6"
"2550",0.00246710626603633,"PC9-DS6"
"2551",0.00576849411587455,"PC9-DS6"
"2552",0.00102650152170219,"PC9-DS6"
"2553",0.00488534460312035,"PC9-DS6"
"2554",0.00221513456053099,"PC9-DS6"
"2555",0.00344616406957586,"PC9-DS6"
"2556",-0.000347582900083334,"PC9-DS6"
"2557",0.000823147259538527,"PC9-DS6"
"2558",-0.00320886898909373,"PC9-DS6"
"2559",-0.00104274584434206,"PC9-DS6"
"2560",0.00293825835892998,"PC9-DS6"
"2561",0.00398891502672411,"PC9-DS6"
"2562",0.00242286755879519,"PC9-DS6"
"2563",0.0057478149631479,"PC9-DS6"
"2564",0.00275704356897324,"PC9-DS6"
"2565",0.00216357977442821,"PC9-DS6"
"2566",0.00199657026185988,"PC9-DS6"
"2567",-0.00132363278705463,"PC9-DS6"
"2568",0.000866069501093319,"PC9-DS6"
"2569",-0.00167288836772369,"PC9-DS6"
"2570",0.00136789539942528,"PC9-DS6"
"2571",-0.00095794928746794,"PC9-DS6"
"2572",-0.00160364273675333,"PC9-DS6"
"2573",-0.000457950413631901,"PC9-DS6"
"2574",-0.00234727165098375,"PC9-DS6"
"2575",0.00039257639023712,"PC9-DS6"
"2576",0.00500239367350227,"PC9-DS6"
"2577",0.000624263739234764,"PC9-DS6"
"2578",-0.00149741936845724,"PC9-DS6"
"2579",0.00190609034587145,"PC9-DS6"
"2580",0.00455911503569279,"PC9-DS6"
"2581",-0.000659996641572936,"PC9-DS6"
"2582",-0.00104894799267872,"PC9-DS6"
"2583",-0.00156380418942817,"PC9-DS6"
"2584",-0.00208204282456372,"PC9-DS6"
"2585",-0.00137991435428014,"PC9-DS6"
"2586",0.00247430473132191,"PC9-DS6"
"2587",-0.000767925307043027,"PC9-DS6"
"2588",-0.00100922568946956,"PC9-DS6"
"2589",-0.000694093991694421,"PC9-DS6"
"2590",1.00585891111747e-05,"PC9-DS6"
"2591",-4.42290278988121e-05,"PC9-DS6"
"2592",0.00141879032945916,"PC9-DS6"
"2593",0.00219382292667344,"PC9-DS6"
"2594",0.003253084548547,"PC9-DS6"
"2595",-0.000163369453029573,"PC9-DS6"
"2596",0.00171815595010592,"PC9-DS6"
"2597",-0.000130994307387305,"PC9-DS6"
"2598",0.000689025412929011,"PC9-DS6"
"2599",0.00167965379472522,"PC9-DS6"
"2600",0.00250360705027651,"PC9-DS6"
"2601",0.00884945532351604,"PC9-DS6"
"2602",-0.00352806997647869,"PC9-DS6"
"2603",0.000748341295680545,"PC9-DS6"
"2604",-0.00045998706226227,"PC9-DS6"
"2605",-0.00230551678892,"PC9-DS6"
"2606",0.00128303532650406,"PC9-DS6"
"2607",0.00798008732749937,"PC9-DS6"
"2608",0.00101912641914746,"PC9-DS6"
"2609",0.00402483152208306,"PC9-DS6"
"2610",0.000397565941592752,"PC9-DS6"
"2611",0.00256283644498287,"PC9-DS6"
"2612",0.0023401625880424,"PC9-DS6"
"2613",0.00377410251859335,"PC9-DS6"
"2614",0.00363730237480574,"PC9-DS6"
"2615",0.00801484317243626,"PC9-DS6"
"2616",0.00713430711925772,"PC9-DS6"
"2617",0.00083111859599651,"PC9-DS6"
"2618",-0.00731241721765354,"PC9-DS6"
"2619",0.00299863858526965,"PC9-DS6"
"2620",-0.000527454775908407,"PC9-DS6"
"2621",-0.00241551478447597,"PC9-DS6"
"2622",-0.00298706130919993,"PC9-DS6"
"2623",0.00509677245820434,"PC9-DS6"
"2624",0.000104806039716012,"PC9-DS6"
"2625",0.00334747079047743,"PC9-DS6"
"2626",0.00170821651362513,"PC9-DS6"
"2627",0.00827208142716856,"PC9-DS6"
"2628",-0.000722347655879212,"PC9-DS6"
"2629",-0.000719497816235647,"PC9-DS6"
"2630",-0.00261095807734293,"PC9-DS6"
"2631",-8.48210605564133e-05,"PC9-DS6"
"2632",0.00387765141995014,"PC9-DS6"
"2633",-4.32708628745887e-05,"PC9-DS6"
"2634",-0.0023949843903062,"PC9-DS6"
"2635",0.00196074212254244,"PC9-DS6"
"2636",0.00247106125818963,"PC9-DS6"
"2637",-0.00247895356482653,"PC9-DS6"
"2638",-0.0010667994651875,"PC9-DS6"
"2639",9.33859064190716e-05,"PC9-DS6"
"2640",0.00596226982650064,"PC9-DS6"
"2641",0.000930114097438054,"PC9-DS6"
"2642",0.00477520035226584,"PC9-DS6"
"2643",-0.00776285369801441,"PC9-DS6"
"2644",0.0023838964350235,"PC9-DS6"
"2645",0.00116619419740479,"PC9-DS6"
"2646",0.00458056033266567,"PC9-DS6"
"2647",0.00160160221189101,"PC9-DS6"
"2648",-0.000135560447256248,"PC9-DS6"
"2649",0.0028128956451976,"PC9-DS6"
"2650",0.00232464802215137,"PC9-DS6"
"2651",0.000947058944043116,"PC9-DS6"
"2652",0.00754131842199235,"PC9-DS6"
"2653",0.00484242329384584,"PC9-DS6"
"2654",0.00193094316629492,"PC9-DS6"
"2655",0.00174982712738349,"PC9-DS6"
"2656",0.000324077062373638,"PC9-DS6"
"2657",0.00363414588715616,"PC9-DS6"
"2658",0.00316950441731723,"PC9-DS6"
"2659",4.19507223364417e-05,"PC9-DS6"
"2660",0.00101573164710586,"PC9-DS6"
"2661",-0.00146741095204335,"PC9-DS6"
"2662",0.00710540613887285,"PC9-DS6"
"2663",0.000525481811826856,"PC9-DS6"
"2664",0.00597413855314189,"PC9-DS6"
"2665",-0.00165155643226782,"PC9-DS6"
"2666",0.00443072343110981,"PC9-DS6"
"2667",0.00652994281610994,"PC9-DS6"
"2668",-0.000398475683761759,"PC9-DS6"
"2669",-0.00764756755012768,"PC9-DS6"
"2670",0.0016325898778141,"PC9-DS6"
"2671",0.000712201952748777,"PC9-DS6"
"2672",0.0042245107841736,"PC9-DS6"
"2673",-0.000568491490672084,"PC9-DS6"
"2674",-0.0120485917097821,"PC9-DS6"
"2675",-0.00189547158035955,"PC9-DS6"
"2676",0.00322057722849273,"PC9-DS6"
"2677",-0.00024956696671259,"PC9-DS6"
"2678",0.00156225185223646,"PC9-DS6"
"2679",-0.000485211660175744,"PC9-DS6"
"2680",-0.000686514174629353,"PC9-DS6"
"2681",0.00050642769969426,"PC9-DS6"
"2682",-0.00185511332918743,"PC9-DS6"
"2683",0.0019025449244783,"PC9-DS6"
"2684",0.00271788490791222,"PC9-DS6"
"2685",-0.00368293244382223,"PC9-DS6"
"2686",0.00182126185864494,"PC9-DS6"
"2687",-0.000632716344600937,"PC9-DS6"
"2688",0.00103978510391143,"PC9-DS6"
"2689",0.00288107754158829,"PC9-DS6"
"2690",-0.000688561959304167,"PC9-DS6"
"2691",-0.000939571066817755,"PC9-DS6"
"2692",0.000960009609274851,"PC9-DS6"
"2693",0.000114197270298615,"PC9-DS6"
"2694",0.00371217208708248,"PC9-DS6"
"2695",-0.000877989278632186,"PC9-DS6"
"2696",-0.000294560096123578,"PC9-DS6"
"2697",-0.0019683660038211,"PC9-DS6"
"2698",-0.000436753813374905,"PC9-DS6"
"2699",-0.000428228520620057,"PC9-DS6"
"2700",-0.00655547170143013,"PC9-DS6"
"2701",-0.00133160307673124,"PC9-DS6"
"2702",9.91832465591006e-05,"PC9-DS6"
"2703",0.00141487427245726,"PC9-DS6"
"2704",0.00146004031688117,"PC9-DS6"
"2705",0.00203299836564198,"PC9-DS6"
"2706",0.000557875209487529,"PC9-DS6"
"2707",0.000507590452954144,"PC9-DS6"
"2708",0.00246132095880659,"PC9-DS6"
"2709",-0.00204422309322278,"PC9-DS6"
"2710",-4.55159508098746e-05,"PC9-DS6"
"2711",-0.00224381608265625,"PC9-DS6"
"2712",-0.0014894003935707,"PC9-DS6"
"2713",-0.000493907511397917,"PC9-DS6"
"2714",0.000893028892061673,"PC9-DS6"
"2715",-0.00626367060195207,"PC9-DS6"
"2716",-0.00361166993921805,"PC9-DS6"
"2717",-0.00297486813473193,"PC9-DS6"
"2718",-0.00275054903816801,"PC9-DS6"
"2719",-0.00578098016408922,"PC9-DS6"
"2720",-0.00498020972273324,"PC9-DS6"
"2721",-0.00381371670772968,"PC9-DS6"
"2722",-0.0013593833446193,"PC9-DS6"
"2723",0.0013671790366428,"PC9-DS6"
"2724",0.00155478225573918,"PC9-DS6"
"2725",-0.00128332668820421,"PC9-DS4"
"2726",0.00370008352853851,"PC9-DS4"
"2727",0.000980458609204108,"PC9-DS4"
"2728",-0.00190268620636494,"PC9-DS4"
"2729",0.00192390481083653,"PC9-DS4"
"2730",0.00353345164071726,"PC9-DS4"
"2731",0.00428321039758902,"PC9-DS4"
"2732",0.00659583568967561,"PC9-DS4"
"2733",0.0034201322456782,"PC9-DS4"
"2734",0.00208465647427234,"PC9-DS4"
"2735",0.00115075832878227,"PC9-DS4"
"2736",0.00415151532968001,"PC9-DS4"
"2737",0.0042703482230189,"PC9-DS4"
"2738",0.00833303199494941,"PC9-DS4"
"2739",9.99522281852562e-05,"PC9-DS4"
"2740",0.00829334437406041,"PC9-DS4"
"2741",0.00478357403794889,"PC9-DS4"
"2742",0.00427999066399481,"PC9-DS4"
"2743",0.00184116410867274,"PC9-DS4"
"2744",0.0117091526572383,"PC9-DS4"
"2745",0.000196279697628185,"PC9-DS4"
"2746",0.00559122678417106,"PC9-DS4"
"2747",0.00687557169915756,"PC9-DS4"
"2748",0.00559830550323116,"PC9-DS4"
"2749",0.0066646785419987,"PC9-DS4"
"2750",0.00547863733127573,"PC9-DS4"
"2751",0.00823134226921747,"PC9-DS4"
"2752",0.00508411931367673,"PC9-DS4"
"2753",0.00291526641404482,"PC9-DS4"
"2754",0.00470508557634775,"PC9-DS4"
"2755",0.00406321745642688,"PC9-DS4"
"2756",0.00444875768819482,"PC9-DS4"
"2757",0.00169875717742913,"PC9-DS4"
"2758",0.00137205008881581,"PC9-DS4"
"2759",0.00369314227086562,"PC9-DS4"
"2760",0.00578815633459211,"PC9-DS4"
"2761",0.00593673728452154,"PC9-DS4"
"2762",0.00656892174933362,"PC9-DS4"
"2763",0.00160419468044319,"PC9-DS4"
"2764",0.00539461675400109,"PC9-DS4"
"2765",0.00114359630530647,"PC9-DS4"
"2766",0.000698374690716296,"PC9-DS4"
"2767",0.00404936416705342,"PC9-DS4"
"2768",0.0013806282428266,"PC9-DS4"
"2769",0.0080559965164195,"PC9-DS4"
"2770",-6.61348504137546e-05,"PC9-DS4"
"2771",0.00416093199736601,"PC9-DS4"
"2772",-0.000353984670804437,"PC9-DS4"
"2773",0.00649393404155986,"PC9-DS4"
"2774",0.00626885670117243,"PC9-DS4"
"2775",0.00251024472221008,"PC9-DS4"
"2776",0.0029212520998373,"PC9-DS4"
"2777",0.00306034849148868,"PC9-DS4"
"2778",0.00993678691578953,"PC9-DS4"
"2779",0.00513445502916306,"PC9-DS4"
"2780",0.00521992012265233,"PC9-DS4"
"2781",0.00558772957185915,"PC9-DS4"
"2782",0.00422301445110214,"PC9-DS4"
"2783",0.00476528303415839,"PC9-DS4"
"2784",0.00249683634851832,"PC9-DS4"
"2785",0.00464453408295817,"PC9-DS4"
"2786",0.0053547413734359,"PC9-DS4"
"2787",0.00443467392629569,"PC9-DS4"
"2788",0.000485298775958897,"PC9-DS4"
"2789",0.00267744827098547,"PC9-DS4"
"2790",0.00304264122979894,"PC9-DS4"
"2791",0.00437787301541484,"PC9-DS4"
"2792",0.000834775591167516,"PC9-DS4"
"2793",0.00593601426896439,"PC9-DS4"
"2794",0.00292461723038713,"PC9-DS4"
"2795",0.00662237123856256,"PC9-DS4"
"2796",0.00802423502515705,"PC9-DS4"
"2797",0.00603997901628905,"PC9-DS4"
"2798",0.00191186030371368,"PC9-DS4"
"2799",0.00514243723505236,"PC9-DS4"
"2800",0.00369684792905198,"PC9-DS4"
"2801",0.00375062832360461,"PC9-DS4"
"2802",0.00292681794481391,"PC9-DS4"
"2803",0.00283333115802431,"PC9-DS4"
"2804",0.00512093337614734,"PC9-DS4"
"2805",0.00696778461390502,"PC9-DS4"
"2806",0.00905670260068405,"PC9-DS4"
"2807",0.00498109292101573,"PC9-DS4"
"2808",0.0103014839198424,"PC9-DS4"
"2809",0.00359239826645762,"PC9-DS4"
"2810",0.00494957809251256,"PC9-DS4"
"2811",0.00462408874030499,"PC9-DS4"
"2812",0.00845534199018032,"PC9-DS4"
"2813",0.00665898014903512,"PC9-DS4"
"2814",0.0052999441281842,"PC9-DS4"
"2815",0.00701013560317544,"PC9-DS4"
"2816",0.00584277395589523,"PC9-DS4"
"2817",0.00343327379400683,"PC9-DS4"
"2818",0.0015109608764739,"PC9-DS4"
"2819",0.00084198127967783,"PC9-DS4"
"2820",0.00658224697884556,"PC9-DS4"
"2821",-0.00270173543004605,"PC9-DS4"
"2822",0.0059281431220482,"PC9-DS4"
"2823",0.00226129473641062,"PC9-DS4"
"2824",0.00682619737548407,"PC9-DS4"
"2825",-0.00136646701917341,"PC9-DS4"
"2826",0.00766261691016931,"PC9-DS4"
"2827",0.0052288320105149,"PC9-DS4"
"2828",0.0057202644801663,"PC9-DS4"
"2829",0.00276922438646809,"PC9-DS4"
"2830",0.0048850072813593,"PC9-DS4"
"2831",0.00500666788915251,"PC9-DS4"
"2832",0.0112405488946296,"PC9-DS4"
"2833",0.00534866917269605,"PC9-DS4"
"2834",0.00559814062515353,"PC9-DS4"
"2835",0.00476045619753635,"PC9-DS4"
"2836",0.0074407500991508,"PC9-DS4"
"2837",0.000696347884824122,"PC9-DS4"
"2838",0.00306293391713782,"PC9-DS4"
"2839",0.0037940347542993,"PC9-DS4"
"2840",0.00483304883637284,"PC9-DS4"
"2841",0.0122070876206686,"PC9-DS4"
"2842",0.00235201101536299,"PC9-DS4"
"2843",0.00527686924974884,"PC9-DS4"
"2844",0.00639355661722331,"PC9-DS4"
"2845",0.00557339116504292,"PC9-DS4"
"2846",0.00349129707256596,"PC9-DS4"
"2847",0.00460096989687299,"PC9-DS4"
"2848",0.00644586495650833,"PC9-DS4"
"2849",0.00104773285175536,"PC9-DS4"
"2850",0.00555475342723226,"PC9-DS4"
"2851",0.00694021054446914,"PC9-DS4"
"2852",0.00914176893418169,"PC9-DS4"
"2853",0.00602324450514897,"PC9-DS4"
"2854",0.00363719087796266,"PC9-DS4"
"2855",0.00823194190231719,"PC9-DS4"
"2856",0.00596621249068833,"PC9-DS4"
"2857",0.00439679369848994,"PC9-DS4"
"2858",0.00552751309691923,"PC9-DS4"
"2859",0.00509853794999286,"PC9-DS4"
"2860",0.00128180682768502,"PC9-DS4"
"2861",0.00221444085313358,"PC9-DS4"
"2862",0.00936382324450421,"PC9-DS4"
"2863",0.00752007064212978,"PC9-DS4"
"2864",0.00694923352195893,"PC9-DS4"
"2865",0.0070632793529166,"PC9-DS4"
"2866",0.00573823360418005,"PC9-DS4"
"2867",0.00332973881021359,"PC9-DS4"
"2868",0.00194514587431334,"PC9-DS4"
"2869",0.0108133253283227,"PC9-DS4"
"2870",0.00731580467304343,"PC9-DS4"
"2871",0.00521424631602014,"PC9-DS4"
"2872",0.00299976371190832,"PC9-DS4"
"2873",0.00407360587939754,"PC9-DS4"
"2874",0.000510910572378633,"PC9-DS4"
"2875",-0.00232267055767081,"PC9-DS4"
"2876",0.00592684793378912,"PC9-DS4"
"2877",0.00350514353312744,"PC9-DS4"
"2878",0.00234252044801073,"PC9-DS4"
"2879",0.000207168833903195,"PC9-DS4"
"2880",0.0016603519569092,"PC9-DS4"
"2881",0.00233854693657139,"PC9-DS4"
"2882",0.00441398840123777,"PC9-DS4"
"2883",0.004745499684675,"PC9-DS4"
"2884",0.00270375999319587,"PC9-DS4"
"2885",-0.00075861173692577,"PC9-DS3"
"2886",-0.00203176059073305,"PC9-DS3"
"2887",0.000513253182235937,"PC9-DS3"
"2888",-0.00138395687906168,"PC9-DS3"
"2889",0.0017700334732707,"PC9-DS3"
"2890",-0.00131694091335506,"PC9-DS3"
"2891",-0.000720739416590949,"PC9-DS3"
"2892",-0.00188729111068077,"PC9-DS3"
"2893",-0.000203281955703534,"PC9-DS3"
"2894",0.00324612360152558,"PC9-DS3"
"2895",-0.00248097961527514,"PC9-DS3"
"2896",0.00442815158492818,"PC9-DS3"
"2897",-0.004197369555068,"PC9-DS3"
"2898",-0.00405447179569934,"PC9-DS3"
"2899",-0.00461021581344563,"PC9-DS3"
"2900",-0.00217557402912808,"PC9-DS3"
"2901",0.00312640621557709,"PC9-DS3"
"2902",-0.00286851930651107,"PC9-DS3"
"2903",-0.000818177087961835,"PC9-DS3"
"2904",0.00194089662209078,"PC9-DS3"
"2905",0.000424449011030623,"PC9-DS3"
"2906",-0.00266048505390388,"PC9-DS3"
"2907",-0.00308357740243516,"PC9-DS3"
"2908",-0.00206353598291425,"PC9-DS3"
"2909",-0.00158894440838178,"PC9-DS3"
"2910",0.00140619665593503,"PC9-DS3"
"2911",0.00127789706766478,"PC9-DS3"
"2912",-0.000142893001881059,"PC9-DS3"
"2913",-0.00204861029814654,"PC9-DS3"
"2914",-0.00383590792388599,"PC9-DS3"
"2915",-0.00234888694259932,"PC9-DS3"
"2916",-0.00212532561145743,"PC9-DS3"
"2917",-0.00159873781773335,"PC9-DS3"
"2918",-0.0090143278233474,"PC9-DS3"
"2919",0.00271331153433421,"PC9-DS3"
"2920",-0.00259166815121667,"PC9-DS3"
"2921",-0.00706087650848659,"PC9-DS3"
"2922",-0.000111036019488457,"PC9-DS3"
"2923",0.0012814085842182,"PC9-DS3"
"2924",-0.00307384796104473,"PC9-DS3"
"2925",-0.00162923716679023,"PC9-DS3"
"2926",0.00244869802572586,"PC9-DS3"
"2927",-0.00121124338454522,"PC9-DS3"
"2928",-0.00345865621360957,"PC9-DS3"
"2929",-0.00320857913778687,"PC9-DS3"
"2930",-0.000584488590267522,"PC9-DS3"
"2931",-0.00185046222195618,"PC9-DS3"
"2932",0.00339342456482516,"PC9-DS3"
"2933",-0.002719244139387,"PC9-DS3"
"2934",-0.0033076700899252,"PC9-DS3"
"2935",-0.00254487424574965,"PC9-DS3"
"2936",0.00574591790644764,"PC9-DS3"
"2937",0.000288052121218212,"PC9-DS3"
"2938",-0.00252181701503155,"PC9-DS3"
"2939",0.000555039573437452,"PC9-DS3"
"2940",0.00295771862107378,"PC9-DS3"
"2941",-0.00500731389315198,"PC9-DS3"
"2942",8.00771386342353e-05,"PC9-DS3"
"2943",-0.00061818474823502,"PC9-DS3"
"2944",-0.000638306855390544,"PC9-DS3"
"2945",-0.00163865866199401,"PC9-DS3"
"2946",0.00419111481860358,"PC9-DS3"
"2947",0.0015077635148619,"PC9-DS3"
"2948",-0.00537457259428946,"PC9-DS3"
"2949",0.00114314774988949,"PC9-DS3"
"2950",0.00279826803609417,"PC9-DS3"
"2951",0.00402097334049318,"PC9-DS3"
"2952",-0.0028622022904768,"PC9-DS3"
"2953",-0.00577122824798421,"PC9-DS3"
"2954",0.00183425387525331,"PC9-DS3"
"2955",0.000695746461827025,"PC9-DS3"
"2956",0.000401824315354796,"PC9-DS3"
"2957",-0.00264969061875773,"PC9-DS3"
"2958",0.000319181814649557,"PC9-DS3"
"2959",-0.00231972984850725,"PC9-DS3"
"2960",0.00432910692519407,"PC9-DS3"
"2961",0.00293320437462111,"PC9-DS3"
"2962",-0.00777871981057138,"PC9-DS3"
"2963",-0.00666271380152357,"PC9-DS3"
"2964",-0.00266759386842008,"PC9-DS3"
"2965",0.00586359204615473,"PC9-DS3"
"2966",0.0017193331450263,"PC9-DS3"
"2967",-7.79274035635945e-05,"PC9-DS3"
"2968",0.00109167236783063,"PC9-DS3"
"2969",-0.000758062762571085,"PC9-DS3"
"2970",-0.000125553101642403,"PC9-DS3"
"2971",0.000909353563837233,"PC9-DS3"
"2972",0.00324124942107101,"PC9-DS3"
"2973",-0.000260465806624571,"PC9-DS3"
"2974",-0.000141597661687998,"PC9-DS3"
"2975",0.00214681048631556,"PC9-DS3"
"2976",-0.000690125669694473,"PC9-DS3"
"2977",-0.00549589680454311,"PC9-DS3"
"2978",-0.000626595745064632,"PC9-DS3"
"2979",-0.00175035103399772,"PC9-DS3"
"2980",-0.00527792078834581,"PC9-DS3"
"2981",-0.00203555811093231,"PC9-DS3"
"2982",-0.00347863762108674,"PC9-DS3"
"2983",-0.00555729501742443,"PC9-DS3"
"2984",-0.00410512336660912,"PC9-DS3"
"2985",-0.00244924168697877,"PC9-DS3"
"2986",0.00299380213311541,"PC9-DS3"
"2987",-0.00172393879033795,"PC9-DS3"
"2988",0.00192640371001375,"PC9-DS3"
"2989",-0.0008226902011093,"PC9-DS3"
"2990",-0.00136901185437284,"PC9-DS3"
"2991",0.00132575914641354,"PC9-DS3"
"2992",-0.00534375164469035,"PC9-DS3"
"2993",-0.00241250107553672,"PC9-DS3"
"2994",0.00145431338195708,"PC9-DS3"
"2995",0.00527105284468362,"PC9-DS3"
"2996",-0.00355489804505572,"PC9-DS3"
"2997",-0.00543635211659727,"PC9-DS3"
"2998",-0.00432154199829172,"PC9-DS3"
"2999",0.000754015397162203,"PC9-DS3"
"3000",-0.000666824654118224,"PC9-DS3"
"3001",-0.00118793384629612,"PC9-DS3"
"3002",-0.00156365735735425,"PC9-DS3"
"3003",-0.00234538176830848,"PC9-DS3"
"3004",-0.00296886529072101,"PC9-DS3"
"3005",-0.000260416332127138,"PC9-DS3"
"3006",0.00160407638524292,"PC9-DS3"
"3007",-0.00109680745807607,"PC9-DS3"
"3008",-0.0018628482666429,"PC9-DS3"
"3009",-0.00334325045382799,"PC9-DS3"
"3010",-0.0012426267088133,"PC9-DS3"
"3011",0.0014243763356333,"PC9-DS3"
"3012",-0.00169683316336045,"PC9-DS3"
"3013",-0.00515740755619757,"PC9-DS3"
"3014",-0.00242980472602126,"PC9-DS3"
"3015",-0.00204165786653825,"PC9-DS3"
"3016",-0.00157846134144407,"PC9-DS3"
"3017",-0.00505047937830101,"PC9-DS3"
"3018",-0.00348599184346486,"PC9-DS3"
"3019",-0.00202508541074505,"PC9-DS3"
"3020",-0.000811363754095983,"PC9-DS3"
"3021",0.000310260198300216,"PC9-DS3"
"3022",-0.00294029339244884,"PC9-DS3"
"3023",-0.00239526415150591,"PC9-DS3"
"3024",0.000562317890156964,"PC9-DS3"
"3025",0.00127733198145627,"PC9-DS3"
"3026",0.00142283852701203,"PC9-DS3"
"3027",-0.0106263652089317,"PC9-DS3"
"3028",-0.00660341682707839,"PC9-DS3"
"3029",-0.0049803810740308,"PC9-DS3"
"3030",-0.000739974861578765,"PC9-DS3"
"3031",-0.00113885878970211,"PC9-DS3"
"3032",-0.00439140829284706,"PC9-DS3"
"3033",-0.00507861191937316,"PC9-DS3"
"3034",-0.00193766770181932,"PC9-DS3"
"3035",0.00142287357878985,"PC9-DS3"
"3036",0.000810289905897125,"PC9-DS3"
"3037",-0.00271797814686937,"PC9-DS3"
"3038",-0.00329174515926843,"PC9-DS3"
"3039",0.000202874763487338,"PC9-DS3"
"3040",-0.00896599652045941,"PC9-DS3"
"3041",-0.000152267236901973,"PC9-DS3"
"3042",-0.000800164642117909,"PC9-DS3"
"3043",-0.00647833529213366,"PC9-DS3"
"3044",-0.000323520470842744,"PC9-DS3"
"3045",0.00125688667639537,"PC9-DS3"
"3046",-0.00269172364718764,"PC9-DS3"
"3047",0.00342824626105041,"PC9-DS3"
"3048",-0.00230821336072254,"PC9-DS3"
"3049",-0.00132660691808482,"PC9-DS3"
"3050",-0.00300557799853185,"PC9-DS3"
"3051",-0.00580587416861493,"PC9-DS3"
"3052",0.00595603589753171,"PC9-DS3"
"3053",0.00131856834512007,"PC9-DS3"
"3054",0.0015328020463726,"PC9-DS3"
"3055",0.000354805464361658,"PC9-DS3"
"3056",0.00529483185104068,"PC9-DS3"
"3057",0.00120189255387791,"PC9-DS3"
"3058",-0.00744384473111784,"PC9-DS3"
"3059",-0.00182114946010959,"PC9-DS3"
"3060",-0.000140677295153804,"PC9-DS3"
"3061",0.00101621355192314,"PC9-DS3"
"3062",0.00188556458686349,"PC9-DS1"
"3063",0.00411417109296584,"PC9-DS1"
"3064",5.92567686253234e-05,"PC9-DS1"
"3065",0.00199529959654615,"PC9-DS1"
"3066",0.00291520204588392,"PC9-DS1"
"3067",0.0023209409289148,"PC9-DS1"
"3068",0.00253825918166016,"PC9-DS1"
"3069",-0.00172312917738763,"PC9-DS1"
"3070",0.000266824778768121,"PC9-DS1"
"3071",0.000130235564424309,"PC9-DS1"
"3072",0.00482376440272097,"PC9-DS1"
"3073",0.00308657433782565,"PC9-DS1"
"3074",0.00247234558367015,"PC9-DS1"
"3075",0.0045774643205484,"PC9-DS1"
"3076",0.000969655485037832,"PC9-DS1"
"3077",0.00213141966607597,"PC9-DS1"
"3078",0.0060264023444545,"PC9-DS1"
"3079",0.00446308855345163,"PC9-DS1"
"3080",4.19512008136331e-05,"PC9-DS1"
"3081",0.00430611243364299,"PC9-DS1"
"3082",-0.00147489100087549,"PC9-DS1"
"3083",0.00899276862024103,"PC9-DS1"
"3084",0.0071105811883481,"PC9-DS1"
"3085",-0.00221585708039879,"PC9-DS1"
"3086",-0.00226983971321342,"PC9-DS1"
"3087",0.00154910177594311,"PC9-DS1"
"3088",-0.000432957103216557,"PC9-DS1"
"3089",0.0045831145395464,"PC9-DS1"
"3090",0.000771430869138341,"PC9-DS1"
"3091",0.00202077974401082,"PC9-DS1"
"3092",0.000593871863329244,"PC9-DS1"
"3093",0.00122000867527005,"PC9-DS1"
"3094",0.00125512952510922,"PC9-DS1"
"3095",0.00177922325039467,"PC9-DS1"
"3096",0.000100758643558747,"PC9-DS1"
"3097",-0.00247593745126671,"PC9-DS1"
"3098",-0.0014236627510512,"PC9-DS1"
"3099",-0.000373565006318694,"PC9-DS1"
"3100",-0.00202571821837909,"PC9-DS1"
"3101",0.000371274568492977,"PC9-DS1"
"3102",0.00210873051477034,"PC9-DS1"
"3103",0.00132608048160286,"PC9-DS1"
"3104",-0.00138843521804468,"PC9-DS1"
"3105",-0.000221238008197108,"PC9-DS1"
"3106",0.000425127234730534,"PC9-DS1"
"3107",0.00290432008217381,"PC9-DS1"
"3108",0.00679767511906884,"PC9-DS1"
"3109",0.00227173523520339,"PC9-DS1"
"3110",0.0010092128781043,"PC9-DS1"
"3111",0.0107986083599647,"PC9-DS1"
"3112",-0.00125355995975114,"PC9-DS1"
"3113",0.00212580328809332,"PC9-DS1"
"3114",0.000196361569604201,"PC9-DS1"
"3115",0.000484780747679023,"PC9-DS1"
"3116",0.00195622026147525,"PC9-DS1"
"3117",0.00313520800495193,"PC9-DS1"
"3118",0.00377211945876466,"PC9-DS1"
"3119",-0.000622428698180462,"PC9-DS1"
"3120",0.00322500494791011,"PC9-DS1"
"3121",0.00288161174422532,"PC9-DS1"
"3122",0.000789251497650335,"PC9-DS1"
"3123",0.00404806508693094,"PC9-DS1"
"3124",0.00284038324124763,"PC9-DS1"
"3125",-0.00162171834450518,"PC9-DS1"
"3126",0.0156235105981277,"PC9-DS1"
"3127",0.00169222916261305,"PC9-DS1"
"3128",0.000123143546076725,"PC9-DS1"
"3129",-0.00289196536375656,"PC9-DS1"
"3130",0.00396241387325336,"PC9-DS1"
"3131",0.00422017790740203,"PC9-DS1"
"3132",0.00240429727912569,"PC9-DS1"
"3133",-0.00129695572614167,"PC9-DS1"
"3134",-0.00447706214109392,"PC9-DS1"
"3135",0.000984554759428018,"PC9-DS1"
"3136",0.0024611469620387,"PC9-DS1"
"3137",-0.00102354315539616,"PC9-DS1"
"3138",0.00714018355929928,"PC9-DS1"
"3139",0.00560647400244606,"PC9-DS1"
"3140",0.00249430062892527,"PC9-DS1"
"3141",0.00392612012036592,"PC9-DS1"
"3142",0.00382651092272607,"PC9-DS1"
"3143",0.000483030265164501,"PC9-DS1"
"3144",0.00374110600486019,"PC9-DS1"
"3145",0.000550669764608698,"PC9-DS1"
"3146",0.00639781697558353,"PC9-DS1"
"3147",-0.000300949193662121,"PC9-DS1"
"3148",-0.00135492033265159,"PC9-DS1"
"3149",0.00107467224732018,"PC9-DS1"
"3150",0.00418950765956946,"PC9-DS1"
"3151",8.40987875911361e-06,"PC9-DS1"
"3152",0.00950683651974455,"PC9-DS1"
"3153",0.00944817076388892,"PC9-DS1"
"3154",0.00345743186162711,"PC9-DS1"
"3155",0.00754884291886678,"PC9-DS1"
"3156",0.00355906056273017,"PC9-DS1"
"3157",0.00102296424247891,"PC9-DS1"
"3158",-0.00277759999011625,"PC9-DS1"
"3159",-0.00208740765463486,"PC9-DS1"
"3160",0.00136060347245905,"PC9-DS1"
"3161",0.00339654554981605,"PC9-DS1"
"3162",-0.00131696500931125,"PC9-DS1"
"3163",0.00484990435209755,"PC9-DS1"
"3164",0.00277068890024645,"PC9-DS1"
"3165",0.00352967267392834,"PC9-DS1"
"3166",0.000138855888489849,"PC9-DS1"
"3167",0.00417254971931072,"PC9-DS1"
"3168",0.00283373130890873,"PC9-DS1"
"3169",0.000211002750039081,"PC9-DS1"
"3170",0.000350023357378322,"PC9-DS1"
"3171",0.0129175046579187,"PC9-DS1"
"3172",0.0062493254256002,"PC9-DS1"
"3173",0.00149157674365164,"PC9-DS1"
"3174",0.00329330004409475,"PC9-DS1"
"3175",0.00623394807439167,"PC9-DS1"
"3176",0.00541301287960545,"PC9-DS1"
"3177",0.00203378410520314,"PC9-DS1"
"3178",-0.000311228894657904,"PC9-DS1"
"3179",0.00294088367362959,"PC9-DS1"
"3180",0.00511700627577803,"PC9-DS1"
"3181",0.00279194137110543,"PC9-DS1"
"3182",0.00889360699722271,"PC9-DS1"
"3183",0.000517211353280818,"PC9-DS1"
"3184",0.00862046525719081,"PC9-DS1"
"3185",0.00225948960975417,"PC9-DS1"
"3186",0.00739621230271844,"PC9-DS1"
"3187",0.00757439346143545,"PC9-DS1"
"3188",0.00881723018105568,"PC9-DS1"
"3189",0.0084186405059765,"PC9-DS1"
"3190",0.00118178841477955,"PC9-DS1"
"3191",6.11406136079952e-05,"PC9-DS1"
"3192",0.00594500900366496,"PC9-DS1"
"3193",0.000299108048052213,"PC9-DS1"
"3194",0.0013160629949867,"PC9-DS1"
"3195",-0.000397907423409823,"PC9-DS1"
"3196",-0.00267926216798268,"PC9-DS1"
"3197",-0.00282253219383121,"PC9-DS1"
"3198",-0.00129063553681835,"PC9-DS1"
"3199",0.00572234613119302,"PC9-DS1"
"3200",0.00277440423771862,"PC9-DS1"
"3201",0.00580317358364767,"PC9-DS1"
"3202",0.003487839852553,"PC9-DS1"
"3203",0.00230283762646287,"PC9-DS1"
"3204",-0.000357988551513241,"PC9-DS1"
"3205",0.000813190746204586,"PC9-DS1"
"3206",0.00519314729300253,"PC9-DS1"
"3207",-0.00176482953897373,"PC9-DS1"
"3208",0.00131610976479544,"PC9-DS1"
"3209",0.0052955033110795,"PC9-DS1"
"3210",0.00767571641149773,"PC9-DS1"
"3211",0.00070976967135077,"PC9-DS1"
"3212",0.00133246352184688,"PC9-DS1"
"3213",0.000563396730638744,"PC9-DS1"
"3214",0.00303922749296587,"PC9-DS1"
"3215",0.00158630552160866,"PC9-DS1"
"3216",0.00724223221590411,"PC9-DS1"
"3217",0.00305271801770857,"PC9-DS1"
"3218",0.00746063866704781,"PC9-DS1"
"3219",0.000211466448913927,"PC9-DS1"
"3220",0.00313917696539302,"PC9-DS1"
"3221",-0.0011314951842076,"PC9-DS1"
"3222",0.00289214360034949,"PC9-DS1"
"3223",0.0014869802058247,"PC9-DS1"
"3224",0.0013043471859977,"PC9-DS1"
"3225",0.00386399284503957,"PC9-DS1"
"3226",0.00145811382568235,"PC9-DS1"
"3227",0.00359346999185208,"PC9-DS1"
"3228",0.00220980149603755,"PC9-DS1"
"3229",-0.00080782844344773,"PC9-DS1"
"3230",-0.000625882275240437,"PC9-DS1"
"3231",0.000584872456250697,"PC9-DS1"
"3232",0.00243095933810275,"PC9-DS1"
"3233",0.00577620719647329,"PC9-DS1"
"3234",0.00631399392401505,"PC9-DS1"
"3235",-0.000149714224916435,"PC9-DS1"
"3236",0.0021267214951224,"PC9-DS1"
"3237",0.00209189096878539,"PC9-DS1"
"3238",-0.00222578435141039,"PC9-DS1"
"3239",0.000882932533767015,"PC9-DS1"
"3240",0.00234378317508113,"PC9-DS1"
"3241",-0.000728710680220998,"PC9-DS1"
"3242",-0.000871709498517266,"PC9-DS1"
"3243",-0.000305339347077686,"PC9-DS1"
"3244",0.00335756617590652,"PC9-DS1"
"3245",0.00162866441810127,"PC9-DS1"
"3246",0.0030359310463496,"PC9-DS1"
"3247",0.00315314766916942,"PC9-DS1"
"3248",-0.00230330613535937,"PC9-DS1"
"3249",0.00781906775653858,"PC9-DS1"
"3250",0.00308874396965586,"PC9-DS1"
"3251",0.00440567078157512,"PC9-DS1"
"3252",0.00645232051537888,"PC9-DS1"
"3253",-0.00084403174631528,"PC9-DS1"
"3254",0.000800814698792654,"PC9-DS1"
"3255",0.000155344396653015,"PC9-DS1"
"3256",-0.00212986278330053,"PC9-DS1"
"3257",0.00241937973829112,"PC9-DS1"
"3258",-0.00725156125902198,"PC9-DS1"
"3259",-0.00199743037471004,"PC9-DS1"
"3260",0.00146338207422232,"PC9-DS1"
"3261",0.00189843003551891,"PC9-DS1"
"3262",0.00118378871808523,"PC9-DS1"
"3263",0.00233840389824779,"PC9-DS1"
"3264",0.00108383058110448,"PC9-DS1"
"3265",-0.000990873439118303,"PC9-DS1"
"3266",0.0027348619475034,"PC9-DS1"
"3267",0.00313076345983299,"PC9-DS1"
"3268",-0.000207488786138095,"PC9-DS1"
"3269",-0.0030755701550432,"PC9-DS1"
"3270",0.00126718505117303,"PC9-DS1"
"3271",0.000274773588267448,"PC9-DS1"
"1215",-0.000886338078859076,"PC9-VU"
"1216",0.00743853535973677,"PC9-VU"
"1217",9.57610573672568e-05,"PC9-VU"
"1218",0.00248434459700408,"PC9-VU"
"1219",0.00812350448960882,"PC9-VU"
"1220",0.00312253413247846,"PC9-VU"
"1221",-0.00170447782041408,"PC9-VU"
"1222",0.00374304156594933,"PC9-VU"
"1223",0.00250073146734276,"PC9-VU"
"1224",0.00753180808381578,"PC9-VU"
"1225",0.00730892116425002,"PC9-VU"
"1226",0.00357781539824686,"PC9-VU"
"1227",0.0066858748452404,"PC9-VU"
"1228",-0.00265352222778643,"PC9-VU"
"1229",-0.000752441526610677,"PC9-VU"
"1230",-0.00173468365608994,"PC9-VU"
"1231",0.00145853629999035,"PC9-VU"
"1232",0.00733710448717025,"PC9-VU"
"1233",0.0014447599621896,"PC9-VU"
"1234",0.00456664399750774,"PC9-VU"
"1235",0.00372941261949425,"PC9-VU"
"1236",0.00222897774955358,"PC9-VU"
"1237",0.00255799429828714,"PC9-VU"
"1238",0.00822367112290102,"PC9-VU"
"1239",0.000325440516515672,"PC9-VU"
"1240",0.00392917413927941,"PC9-VU"
"1241",0.0114551392985713,"PC9-VU"
"1242",0.00403168014795258,"PC9-VU"
"1243",0.00361137158048177,"PC9-VU"
"1244",-0.0039386193313996,"PC9-VU"
"1245",1.54678818270522e-05,"PC9-VU"
"1246",-0.00530605933095995,"PC9-VU"
"1247",-0.000643968692702455,"PC9-VU"
"1248",-0.00950377571763586,"PC9-VU"
"1249",0.0092507559012834,"PC9-VU"
"1250",-0.00163957248770246,"PC9-VU"
"1251",0.000829119589336189,"PC9-VU"
"1252",0.000987783555441743,"PC9-VU"
"1253",0.0106235449270095,"PC9-VU"
"1254",0.0126910404708509,"PC9-VU"
"1255",0.00249247570119058,"PC9-VU"
"1256",0.0101706917442028,"PC9-VU"
"1257",0.000112838264800436,"PC9-VU"
"1258",0.0110517037042979,"PC9-VU"
"1259",0.00659461744180272,"PC9-VU"
"1260",0.00465224350365615,"PC9-VU"
"1261",0.00913748248373726,"PC9-VU"
"1262",0.00356684329961463,"PC9-VU"
"1263",0.00216165242048806,"PC9-VU"
"1264",0.00107355168370139,"PC9-VU"
"1265",0.000511984252643112,"PC9-VU"
"1266",0.00689111373855648,"PC9-VU"
"1267",0.00592261337892047,"PC9-VU"
"1268",0.0110541850521403,"PC9-VU"
"1269",0.00809915704592768,"PC9-VU"
"1270",0.00527522561718785,"PC9-VU"
"1271",-0.000874987675070923,"PC9-VU"
"1272",0.00557474823509335,"PC9-VU"
"1273",0.00731842123294724,"PC9-VU"
"1274",0.00741823104570555,"PC9-VU"
"1275",0.0068537106257305,"PC9-VU"
"1276",0.00152673484899785,"PC9-VU"
"1277",-0.000412234336027536,"PC9-VU"
"1278",0.00415470819592036,"PC9-VU"
"1279",0.000621276478424025,"PC9-VU"
"1280",0.00239700634871777,"PC9-VU"
"1281",0.000354092948694059,"PC9-VU"
"1282",0.00458618460955722,"PC9-VU"
"1283",0.00914203897530914,"PC9-VU"
"1284",-0.00059946439220365,"PC9-VU"
"1285",-0.00313289780116263,"PC9-VU"
"1286",0.00170660467819424,"PC9-VU"
"1287",0.0110364067591035,"PC9-VU"
"1288",-0.00242219341300537,"PC9-VU"
"1289",0.0162569633177392,"PC9-VU"
"1290",0.00256754390427938,"PC9-VU"
"1291",0.00769119278276383,"PC9-VU"
"1292",-0.00243226885728942,"PC9-VU"
"1293",0.00474049857556415,"PC9-VU"
"1294",0.00532385331631005,"PC9-VU"
"1295",-0.000236511716035261,"PC9-VU"
"1296",0.00244107500813663,"PC9-VU"
"1297",-0.0082833155085521,"PC9-VU"
"1298",-0.00295409341742049,"PC9-VU"
"1299",-0.00181503565091258,"PC9-VU"
"1300",0.00136122460988508,"PC9-VU"
"1301",0.00403324373183119,"PC9-VU"
"1302",0.00900549650586069,"PC9-VU"
"1303",-0.00154921128293424,"PC9-VU"
"1304",0.00176105765777535,"PC9-VU"
"1305",-0.00202153003684958,"PC9-VU"
"1306",-0.000345654520124157,"PC9-VU"
"1307",0.00313312208490623,"PC9-VU"
"1308",0.00633846413831145,"PC9-VU"
"1309",0.00317357273493446,"PC9-VU"
"1310",0.0094464087443637,"PC9-VU"
"1311",0.00561763363731312,"PC9-VU"
"1312",0.00236197090695763,"PC9-VU"
"1313",0.00439475463200348,"PC9-VU"
"1314",6.97035263956345e-05,"PC9-VU"
"1315",0.00291007444994037,"PC9-VU"
"1316",0.00293411770431225,"PC9-VU"
"1317",0.00222992360272656,"PC9-VU"
"1318",-4.86458062671092e-05,"PC9-VU"
"1319",0.00377421936120779,"PC9-VU"
"1320",0.00249191053861572,"PC9-VU"
"1321",0.00475092206750823,"PC9-VU"
"1322",0.00386285571228815,"PC9-VU"
"1323",0.00043165727298908,"PC9-VU"
"1324",0.00175804546489715,"PC9-VU"
"1325",-0.00193293094888177,"PC9-VU"
"1326",0.00350524431101174,"PC9-VU"
"1327",0.0050270312136944,"PC9-VU"
"1328",0.00164213695775341,"PC9-VU"
"1329",0.00318835754465146,"PC9-VU"
"1330",0.00643523223366275,"PC9-VU"
"1331",0.00857258626119278,"PC9-VU"
"1332",0.00464246995791861,"PC9-VU"
"1333",0.0143900803552164,"PC9-VU"
"1334",0.00435106596453398,"PC9-VU"
"1335",0.00402660775873071,"PC9-VU"
"1336",-0.00635421340221703,"PC9-VU"
"1337",-0.000432287475936048,"PC9-VU"
"1338",0.00857115641454366,"PC9-VU"
"1339",-0.000427548375619628,"PC9-VU"
"1340",0.00408040622235102,"PC9-VU"
"1341",-0.00397154157013983,"PC9-VU"
"1342",0.0099494892317542,"PC9-VU"
"1343",0.00523334444995369,"PC9-VU"
"1344",0.00421757526240326,"PC9-VU"
"1345",0.000590568313369923,"PC9-VU"
"1346",-9.1916457307105e-05,"PC9-VU"
"1347",-0.00567691051703066,"PC9-VU"
"1348",-0.000359930364895378,"PC9-VU"
"1349",0.00125930413930024,"PC9-VU"
"1350",0.00651264250997897,"PC9-VU"
"1351",0.000952124141212751,"PC9-VU"
"1352",0.00595775614986717,"PC9-VU"
"1353",0.00718457875354806,"PC9-VU"
"1354",-0.00192286414930328,"PC9-VU"
"1355",0.00841270535824354,"PC9-VU"
"1356",0.00114048994529232,"PC9-VU"
"1357",0.00317288633930669,"PC9-VU"
"1358",-0.00139407296667196,"PC9-VU"
"1359",-5.27162742044811e-05,"PC9-VU"
"1360",0.00237457602737701,"PC9-VU"
"1361",0.000581615584742935,"PC9-VU"
"1362",0.00718746607402546,"PC9-VU"
"1363",-0.00377383370134778,"PC9-VU"
"1364",0.00603505884541534,"PC9-VU"
"1365",-1.4260393359302e-05,"PC9-VU"
"1366",-0.00226102113780377,"PC9-VU"
"1367",0.0117633016436653,"PC9-VU"
"1368",0.0107273240951893,"PC9-VU"
"1369",-0.00432509610993704,"PC9-VU"
"1370",0.0043524990917583,"PC9-VU"
"1371",0.00286871354725459,"PC9-VU"
"1372",-0.00017993440582418,"PC9-VU"
"1373",0.0068618704566201,"PC9-VU"
"1374",0.000400045386953009,"PC9-VU"
"1375",-0.0017470303577793,"PC9-VU"
"1376",0.000205239978184764,"PC9-VU"
"1377",-0.00734592209822703,"PC9-VU"
"1378",0.00132066818171429,"PC9-VU"
"1379",-4.52921387203427e-05,"PC9-VU"
"1380",0.000907864162087263,"PC9-VU"
"1381",-0.0019813722697289,"PC9-VU"
"1382",0.000215955524644659,"PC9-VU"
"1383",0.00378313824071731,"PC9-VU"
"1384",0.00521423412621703,"PC9-VU"
"1385",0.00261734217772293,"PC9-VU"
"1386",4.70881501054676e-05,"PC9-VU"
"1387",2.77417474348719e-05,"PC9-VU"
"1388",0.00064803365730862,"PC9-VU"
"1389",-0.000919128187177,"PC9-VU"
"1390",0.00172990164810861,"PC9-VU"
"1391",0.00730186299926703,"PC9-VU"
"1392",0.00074704226931161,"PC9-VU"
"1393",0.00425892458731302,"PC9-VU"
"1394",0.00673910440178933,"PC9-VU"
"1395",0.00574277374688341,"PC9-VU"
"1396",0.00070915695656383,"PC9-VU"
"1397",-0.00312461257987578,"PC9-VU"
"1398",0.00925302636609638,"PC9-VU"
"1399",0.00346346702289874,"PC9-VU"
"1400",0.00157930456091089,"PC9-VU"
"1401",0.00267082895695292,"PC9-VU"
"1402",0.000124489542668803,"PC9-VU"
"1403",0.00409432731816451,"PC9-VU"
"1404",-0.000420550653572632,"PC9-VU"
"1405",0.000560964590571878,"PC9-VU"
"1406",-0.00391175040302793,"PC9-VU"
"1407",0.000702926588343777,"PC9-VU"
"1408",0.00474713746978206,"PC9-VU"
"1409",0.00749090474755769,"PC9-VU"
"1410",0.00283978548255526,"PC9-VU"
"1411",0.00184307765007029,"PC9-VU"
"1412",0.0075534436493932,"PC9-VU"
"1413",0.0083924771951455,"PC9-VU"
"1414",-0.000295124324344366,"PC9-VU"
"1415",0.00344861586404495,"PC9-VU"
"1416",0.00370190042397281,"PC9-VU"
"1417",-0.00167239938305335,"PC9-VU"
"1418",-0.0021122231067872,"PC9-VU"
"1419",0.00996118089458767,"PC9-VU"
"1420",-0.00123076796133402,"PC9-VU"
"1421",0.00110157827618334,"PC9-VU"
"1422",0.00468440328231014,"PC9-VU"
"1423",7.91862769600204e-05,"PC9-VU"
"1424",0.0176952175723919,"PC9-VU"
"1425",0.00168096543218303,"PC9-VU"
"1426",0.0017353481485685,"PC9-VU"
"1427",-0.000236870742936721,"PC9-VU"
"1428",0.00498384047085713,"PC9-VU"
"1429",0.00306176157743053,"PC9-VU"
"1430",0.00482314815339924,"PC9-VU"
"1431",0.00174458149149681,"PC9-VU"
"1432",0.00632298708501648,"PC9-VU"
"1433",0.00525663679716287,"PC9-VU"
"1434",-0.00857538871166038,"PC9-VU"
"1435",0.00522491346742112,"PC9-VU"
"1436",-0.0016339305730472,"PC9-VU"
"1437",0.00686369774460873,"PC9-VU"
"1438",-0.00129573882864561,"PC9-VU"
"1439",0.000675516452285829,"PC9-VU"
"1440",-0.000260876589321238,"PC9-VU"
"1441",0.00353584445417815,"PC9-VU"
"1442",-0.000246539540865261,"PC9-VU"
"1443",-0.000378524976123981,"PC9-VU"
"1444",0.00128318398838641,"PC9-VU"
"1445",-0.000162107692939844,"PC9-VU"
"1446",-0.00311841366380214,"PC9-VU"
"1447",-0.00183843515732832,"PC9-VU"
"1448",0.000818583887051107,"PC9-VU"
"1449",-0.003237108119424,"PC9-VU"
"1450",-0.00162068059579631,"PC9-VU"
