,DIP1,DIP2
0,0.0005,0.0055
1,0.0005,0.005699999999999999
2,0.0005,0.0059
3,0.0005,0.0060999999999999995
4,0.0005,0.0063
5,0.0005,0.0065
6,0.0005,0.006699999999999999
7,0.0005,0.0069
8,0.0005,0.0070999999999999995
9,0.0005,0.0073
10,0.0005,0.0075
11,0.0007,0.0055
12,0.0007,0.005699999999999999
13,0.0007,0.0059
14,0.0007,0.0060999999999999995
15,0.0007,0.0063
16,0.0007,0.0065
17,0.0007,0.006699999999999999
18,0.0007,0.0069
19,0.0007,0.0070999999999999995
20,0.0007,0.0073
21,0.0007,0.0075
22,0.0009,0.0055
23,0.0009,0.005699999999999999
24,0.0009,0.0059
25,0.0009,0.0060999999999999995
26,0.0009,0.0063
27,0.0009,0.0065
28,0.0009,0.006699999999999999
29,0.0009,0.0069
30,0.0009,0.0070999999999999995
31,0.0009,0.0073
32,0.0009,0.0075
33,0.0011,0.0055
34,0.0011,0.005699999999999999
35,0.0011,0.0059
36,0.0011,0.0060999999999999995
37,0.0011,0.0063
38,0.0011,0.0065
39,0.0011,0.006699999999999999
40,0.0011,0.0069
41,0.0011,0.0070999999999999995
42,0.0011,0.0073
43,0.0011,0.0075
44,0.0013,0.0055
45,0.0013,0.005699999999999999
46,0.0013,0.0059
47,0.0013,0.0060999999999999995
48,0.0013,0.0063
49,0.0013,0.0065
50,0.0013,0.006699999999999999
51,0.0013,0.0069
52,0.0013,0.0070999999999999995
53,0.0013,0.0073
54,0.0013,0.0075
55,0.0015,0.0055
56,0.0015,0.005699999999999999
57,0.0015,0.0059
58,0.0015,0.0060999999999999995
59,0.0015,0.0063
60,0.0015,0.0065
61,0.0015,0.006699999999999999
62,0.0015,0.0069
63,0.0015,0.0070999999999999995
64,0.0015,0.0073
65,0.0015,0.0075
66,0.0005,0.0055
67,0.0005,0.005699999999999999
68,0.0005,0.0059
69,0.0005,0.0060999999999999995
70,0.0005,0.0063
71,0.0005,0.0065
72,0.0005,0.006699999999999999
73,0.0005,0.0069
74,0.0005,0.0070999999999999995
75,0.0005,0.0073
76,0.0005,0.0075
77,0.0007,0.0055
78,0.0007,0.005699999999999999
79,0.0007,0.0059
80,0.0007,0.0060999999999999995
81,0.0007,0.0063
82,0.0007,0.0065
83,0.0007,0.006699999999999999
84,0.0007,0.0069
85,0.0007,0.0070999999999999995
86,0.0007,0.0073
87,0.0007,0.0075
88,0.0009,0.0055
89,0.0009,0.005699999999999999
90,0.0009,0.0059
91,0.0009,0.0060999999999999995
92,0.0009,0.0063
93,0.0009,0.0065
94,0.0009,0.006699999999999999
95,0.0009,0.0069
96,0.0009,0.0070999999999999995
97,0.0009,0.0073
98,0.0009,0.0075
99,0.0011,0.0055
100,0.0011,0.005699999999999999
101,0.0011,0.0059
102,0.0011,0.0060999999999999995
103,0.0011,0.0063
104,0.0011,0.0065
105,0.0011,0.006699999999999999
106,0.0011,0.0069
107,0.0011,0.0070999999999999995
108,0.0011,0.0073
109,0.0011,0.0075
110,0.0013,0.0055
111,0.0013,0.005699999999999999
112,0.0013,0.0059
113,0.0013,0.0060999999999999995
114,0.0013,0.0063
115,0.0013,0.0065
116,0.0013,0.006699999999999999
117,0.0013,0.0069
118,0.0013,0.0070999999999999995
119,0.0013,0.0073
120,0.0013,0.0075
121,0.0015,0.0055
122,0.0015,0.005699999999999999
123,0.0015,0.0059
124,0.0015,0.0060999999999999995
125,0.0015,0.0063
126,0.0015,0.0065
127,0.0015,0.006699999999999999
128,0.0015,0.0069
129,0.0015,0.0070999999999999995
130,0.0015,0.0073
131,0.0015,0.0075
132,0.0005,0.0055
133,0.0005,0.005699999999999999
134,0.0005,0.0059
135,0.0005,0.0060999999999999995
136,0.0005,0.0063
137,0.0005,0.0065
138,0.0005,0.006699999999999999
139,0.0005,0.0069
140,0.0005,0.0070999999999999995
141,0.0005,0.0073
142,0.0005,0.0075
143,0.0007,0.0055
144,0.0007,0.005699999999999999
145,0.0007,0.0059
146,0.0007,0.0060999999999999995
147,0.0007,0.0063
148,0.0007,0.0065
149,0.0007,0.006699999999999999
150,0.0007,0.0069
151,0.0007,0.0070999999999999995
152,0.0007,0.0073
153,0.0007,0.0075
154,0.0009,0.0055
155,0.0009,0.005699999999999999
156,0.0009,0.0059
157,0.0009,0.0060999999999999995
158,0.0009,0.0063
159,0.0009,0.0065
160,0.0009,0.006699999999999999
161,0.0009,0.0069
162,0.0009,0.0070999999999999995
163,0.0009,0.0073
164,0.0009,0.0075
165,0.0011,0.0055
166,0.0011,0.005699999999999999
167,0.0011,0.0059
168,0.0011,0.0060999999999999995
169,0.0011,0.0063
170,0.0011,0.0065
171,0.0011,0.006699999999999999
172,0.0011,0.0069
173,0.0011,0.0070999999999999995
174,0.0011,0.0073
175,0.0011,0.0075
176,0.0013,0.0055
177,0.0013,0.005699999999999999
178,0.0013,0.0059
179,0.0013,0.0060999999999999995
180,0.0013,0.0063
181,0.0013,0.0065
182,0.0013,0.006699999999999999
183,0.0013,0.0069
184,0.0013,0.0070999999999999995
185,0.0013,0.0073
186,0.0013,0.0075
187,0.0015,0.0055
188,0.0015,0.005699999999999999
189,0.0015,0.0059
190,0.0015,0.0060999999999999995
191,0.0015,0.0063
192,0.0015,0.0065
193,0.0015,0.006699999999999999
194,0.0015,0.0069
195,0.0015,0.0070999999999999995
196,0.0015,0.0073
197,0.0015,0.0075
198,0.0005,0.0055
199,0.0005,0.005699999999999999
200,0.0005,0.0059
201,0.0005,0.0060999999999999995
202,0.0005,0.0063
203,0.0005,0.0065
204,0.0005,0.006699999999999999
205,0.0005,0.0069
206,0.0005,0.0070999999999999995
207,0.0005,0.0073
208,0.0005,0.0075
209,0.0007,0.0055
210,0.0007,0.005699999999999999
211,0.0007,0.0059
212,0.0007,0.0060999999999999995
213,0.0007,0.0063
214,0.0007,0.0065
215,0.0007,0.006699999999999999
216,0.0007,0.0069
217,0.0007,0.0070999999999999995
218,0.0007,0.0073
219,0.0007,0.0075
220,0.0009,0.0055
221,0.0009,0.005699999999999999
222,0.0009,0.0059
223,0.0009,0.0060999999999999995
224,0.0009,0.0063
225,0.0009,0.0065
226,0.0009,0.006699999999999999
227,0.0009,0.0069
228,0.0009,0.0070999999999999995
229,0.0009,0.0073
230,0.0009,0.0075
231,0.0011,0.0055
232,0.0011,0.005699999999999999
233,0.0011,0.0059
234,0.0011,0.0060999999999999995
235,0.0011,0.0063
236,0.0011,0.0065
237,0.0011,0.006699999999999999
238,0.0011,0.0069
239,0.0011,0.0070999999999999995
240,0.0011,0.0073
241,0.0011,0.0075
242,0.0013,0.0055
243,0.0013,0.005699999999999999
244,0.0013,0.0059
245,0.0013,0.0060999999999999995
246,0.0013,0.0063
247,0.0013,0.0065
248,0.0013,0.006699999999999999
249,0.0013,0.0069
250,0.0013,0.0070999999999999995
251,0.0013,0.0073
252,0.0013,0.0075
253,0.0015,0.0055
254,0.0015,0.005699999999999999
255,0.0015,0.0059
256,0.0015,0.0060999999999999995
257,0.0015,0.0063
258,0.0015,0.0065
259,0.0015,0.006699999999999999
260,0.0015,0.0069
261,0.0015,0.0070999999999999995
262,0.0015,0.0073
263,0.0015,0.0075
264,0.0005,0.0055
265,0.0005,0.005699999999999999
266,0.0005,0.0059
267,0.0005,0.0060999999999999995
268,0.0005,0.0063
269,0.0005,0.0065
270,0.0005,0.006699999999999999
271,0.0005,0.0069
272,0.0005,0.0070999999999999995
273,0.0005,0.0073
274,0.0005,0.0075
275,0.0007,0.0055
276,0.0007,0.005699999999999999
277,0.0007,0.0059
278,0.0007,0.0060999999999999995
279,0.0007,0.0063
280,0.0007,0.0065
281,0.0007,0.006699999999999999
282,0.0007,0.0069
283,0.0007,0.0070999999999999995
284,0.0007,0.0073
285,0.0007,0.0075
286,0.0009,0.0055
287,0.0009,0.005699999999999999
288,0.0009,0.0059
289,0.0009,0.0060999999999999995
290,0.0009,0.0063
291,0.0009,0.0065
292,0.0009,0.006699999999999999
293,0.0009,0.0069
294,0.0009,0.0070999999999999995
295,0.0009,0.0073
296,0.0009,0.0075
297,0.0011,0.0055
298,0.0011,0.005699999999999999
299,0.0011,0.0059
300,0.0011,0.0060999999999999995
301,0.0011,0.0063
302,0.0011,0.0065
303,0.0011,0.006699999999999999
304,0.0011,0.0069
305,0.0011,0.0070999999999999995
306,0.0011,0.0073
307,0.0011,0.0075
308,0.0013,0.0055
309,0.0013,0.005699999999999999
310,0.0013,0.0059
311,0.0013,0.0060999999999999995
312,0.0013,0.0063
313,0.0013,0.0065
314,0.0013,0.006699999999999999
315,0.0013,0.0069
316,0.0013,0.0070999999999999995
317,0.0013,0.0073
318,0.0013,0.0075
319,0.0015,0.0055
320,0.0015,0.005699999999999999
321,0.0015,0.0059
322,0.0015,0.0060999999999999995
323,0.0015,0.0063
324,0.0015,0.0065
325,0.0015,0.006699999999999999
326,0.0015,0.0069
327,0.0015,0.0070999999999999995
328,0.0015,0.0073
329,0.0015,0.0075
330,0.0005,0.0055
331,0.0005,0.005699999999999999
332,0.0005,0.0059
333,0.0005,0.0060999999999999995
334,0.0005,0.0063
335,0.0005,0.0065
336,0.0005,0.006699999999999999
337,0.0005,0.0069
338,0.0005,0.0070999999999999995
339,0.0005,0.0073
340,0.0005,0.0075
341,0.0007,0.0055
342,0.0007,0.005699999999999999
343,0.0007,0.0059
344,0.0007,0.0060999999999999995
345,0.0007,0.0063
346,0.0007,0.0065
347,0.0007,0.006699999999999999
348,0.0007,0.0069
349,0.0007,0.0070999999999999995
350,0.0007,0.0073
351,0.0007,0.0075
352,0.0009,0.0055
353,0.0009,0.005699999999999999
354,0.0009,0.0059
355,0.0009,0.0060999999999999995
356,0.0009,0.0063
357,0.0009,0.0065
358,0.0009,0.006699999999999999
359,0.0009,0.0069
360,0.0009,0.0070999999999999995
361,0.0009,0.0073
362,0.0009,0.0075
363,0.0011,0.0055
364,0.0011,0.005699999999999999
365,0.0011,0.0059
366,0.0011,0.0060999999999999995
367,0.0011,0.0063
368,0.0011,0.0065
369,0.0011,0.006699999999999999
370,0.0011,0.0069
371,0.0011,0.0070999999999999995
372,0.0011,0.0073
373,0.0011,0.0075
374,0.0013,0.0055
375,0.0013,0.005699999999999999
376,0.0013,0.0059
377,0.0013,0.0060999999999999995
378,0.0013,0.0063
379,0.0013,0.0065
380,0.0013,0.006699999999999999
381,0.0013,0.0069
382,0.0013,0.0070999999999999995
383,0.0013,0.0073
384,0.0013,0.0075
385,0.0015,0.0055
386,0.0015,0.005699999999999999
387,0.0015,0.0059
388,0.0015,0.0060999999999999995
389,0.0015,0.0063
390,0.0015,0.0065
391,0.0015,0.006699999999999999
392,0.0015,0.0069
393,0.0015,0.0070999999999999995
394,0.0015,0.0073
395,0.0015,0.0075
396,0.0005,0.0055
397,0.0005,0.005699999999999999
398,0.0005,0.0059
399,0.0005,0.0060999999999999995
400,0.0005,0.0063
401,0.0005,0.0065
402,0.0005,0.006699999999999999
403,0.0005,0.0069
404,0.0005,0.0070999999999999995
405,0.0005,0.0073
406,0.0005,0.0075
407,0.0007,0.0055
408,0.0007,0.005699999999999999
409,0.0007,0.0059
410,0.0007,0.0060999999999999995
411,0.0007,0.0063
412,0.0007,0.0065
413,0.0007,0.006699999999999999
414,0.0007,0.0069
415,0.0007,0.0070999999999999995
416,0.0007,0.0073
417,0.0007,0.0075
418,0.0009,0.0055
419,0.0009,0.005699999999999999
420,0.0009,0.0059
421,0.0009,0.0060999999999999995
422,0.0009,0.0063
423,0.0009,0.0065
424,0.0009,0.006699999999999999
425,0.0009,0.0069
426,0.0009,0.0070999999999999995
427,0.0009,0.0073
428,0.0009,0.0075
429,0.0011,0.0055
430,0.0011,0.005699999999999999
431,0.0011,0.0059
432,0.0011,0.0060999999999999995
433,0.0011,0.0063
434,0.0011,0.0065
435,0.0011,0.006699999999999999
436,0.0011,0.0069
437,0.0011,0.0070999999999999995
438,0.0011,0.0073
439,0.0011,0.0075
440,0.0013,0.0055
441,0.0013,0.005699999999999999
442,0.0013,0.0059
443,0.0013,0.0060999999999999995
444,0.0013,0.0063
445,0.0013,0.0065
446,0.0013,0.006699999999999999
447,0.0013,0.0069
448,0.0013,0.0070999999999999995
449,0.0013,0.0073
450,0.0013,0.0075
451,0.0015,0.0055
452,0.0015,0.005699999999999999
453,0.0015,0.0059
454,0.0015,0.0060999999999999995
455,0.0015,0.0063
456,0.0015,0.0065
457,0.0015,0.006699999999999999
458,0.0015,0.0069
459,0.0015,0.0070999999999999995
460,0.0015,0.0073
461,0.0015,0.0075
462,0.0005,0.0055
463,0.0005,0.005699999999999999
464,0.0005,0.0059
465,0.0005,0.0060999999999999995
466,0.0005,0.0063
467,0.0005,0.0065
468,0.0005,0.006699999999999999
469,0.0005,0.0069
470,0.0005,0.0070999999999999995
471,0.0005,0.0073
472,0.0005,0.0075
473,0.0007,0.0055
474,0.0007,0.005699999999999999
475,0.0007,0.0059
476,0.0007,0.0060999999999999995
477,0.0007,0.0063
478,0.0007,0.0065
479,0.0007,0.006699999999999999
480,0.0007,0.0069
481,0.0007,0.0070999999999999995
482,0.0007,0.0073
483,0.0007,0.0075
484,0.0009,0.0055
485,0.0009,0.005699999999999999
486,0.0009,0.0059
487,0.0009,0.0060999999999999995
488,0.0009,0.0063
489,0.0009,0.0065
490,0.0009,0.006699999999999999
491,0.0009,0.0069
492,0.0009,0.0070999999999999995
493,0.0009,0.0073
494,0.0009,0.0075
495,0.0011,0.0055
496,0.0011,0.005699999999999999
497,0.0011,0.0059
498,0.0011,0.0060999999999999995
499,0.0011,0.0063
500,0.0011,0.0065
501,0.0011,0.006699999999999999
502,0.0011,0.0069
503,0.0011,0.0070999999999999995
504,0.0011,0.0073
505,0.0011,0.0075
506,0.0013,0.0055
507,0.0013,0.005699999999999999
508,0.0013,0.0059
509,0.0013,0.0060999999999999995
510,0.0013,0.0063
511,0.0013,0.0065
512,0.0013,0.006699999999999999
513,0.0013,0.0069
514,0.0013,0.0070999999999999995
515,0.0013,0.0073
516,0.0013,0.0075
517,0.0015,0.0055
518,0.0015,0.005699999999999999
519,0.0015,0.0059
520,0.0015,0.0060999999999999995
521,0.0015,0.0063
522,0.0015,0.0065
523,0.0015,0.006699999999999999
524,0.0015,0.0069
525,0.0015,0.0070999999999999995
526,0.0015,0.0073
527,0.0015,0.0075
528,0.0005,0.0055
529,0.0005,0.005699999999999999
530,0.0005,0.0059
531,0.0005,0.0060999999999999995
532,0.0005,0.0063
533,0.0005,0.0065
534,0.0005,0.006699999999999999
535,0.0005,0.0069
536,0.0005,0.0070999999999999995
537,0.0005,0.0073
538,0.0005,0.0075
539,0.0007,0.0055
540,0.0007,0.005699999999999999
541,0.0007,0.0059
542,0.0007,0.0060999999999999995
543,0.0007,0.0063
544,0.0007,0.0065
545,0.0007,0.006699999999999999
546,0.0007,0.0069
547,0.0007,0.0070999999999999995
548,0.0007,0.0073
549,0.0007,0.0075
550,0.0009,0.0055
551,0.0009,0.005699999999999999
552,0.0009,0.0059
553,0.0009,0.0060999999999999995
554,0.0009,0.0063
555,0.0009,0.0065
556,0.0009,0.006699999999999999
557,0.0009,0.0069
558,0.0009,0.0070999999999999995
559,0.0009,0.0073
560,0.0009,0.0075
561,0.0011,0.0055
562,0.0011,0.005699999999999999
563,0.0011,0.0059
564,0.0011,0.0060999999999999995
565,0.0011,0.0063
566,0.0011,0.0065
567,0.0011,0.006699999999999999
568,0.0011,0.0069
569,0.0011,0.0070999999999999995
570,0.0011,0.0073
571,0.0011,0.0075
572,0.0013,0.0055
573,0.0013,0.005699999999999999
574,0.0013,0.0059
575,0.0013,0.0060999999999999995
576,0.0013,0.0063
577,0.0013,0.0065
578,0.0013,0.006699999999999999
579,0.0013,0.0069
580,0.0013,0.0070999999999999995
581,0.0013,0.0073
582,0.0013,0.0075
583,0.0015,0.0055
584,0.0015,0.005699999999999999
585,0.0015,0.0059
586,0.0015,0.0060999999999999995
587,0.0015,0.0063
588,0.0015,0.0065
589,0.0015,0.006699999999999999
590,0.0015,0.0069
591,0.0015,0.0070999999999999995
592,0.0015,0.0073
593,0.0015,0.0075
594,0.0005,0.0055
595,0.0005,0.005699999999999999
596,0.0005,0.0059
597,0.0005,0.0060999999999999995
598,0.0005,0.0063
599,0.0005,0.0065
600,0.0005,0.006699999999999999
601,0.0005,0.0069
602,0.0005,0.0070999999999999995
603,0.0005,0.0073
604,0.0005,0.0075
605,0.0007,0.0055
606,0.0007,0.005699999999999999
607,0.0007,0.0059
608,0.0007,0.0060999999999999995
609,0.0007,0.0063
610,0.0007,0.0065
611,0.0007,0.006699999999999999
612,0.0007,0.0069
613,0.0007,0.0070999999999999995
614,0.0007,0.0073
615,0.0007,0.0075
616,0.0009,0.0055
617,0.0009,0.005699999999999999
618,0.0009,0.0059
619,0.0009,0.0060999999999999995
620,0.0009,0.0063
621,0.0009,0.0065
622,0.0009,0.006699999999999999
623,0.0009,0.0069
624,0.0009,0.0070999999999999995
625,0.0009,0.0073
626,0.0009,0.0075
627,0.0011,0.0055
628,0.0011,0.005699999999999999
629,0.0011,0.0059
630,0.0011,0.0060999999999999995
631,0.0011,0.0063
632,0.0011,0.0065
633,0.0011,0.006699999999999999
634,0.0011,0.0069
635,0.0011,0.0070999999999999995
636,0.0011,0.0073
637,0.0011,0.0075
638,0.0013,0.0055
639,0.0013,0.005699999999999999
640,0.0013,0.0059
641,0.0013,0.0060999999999999995
642,0.0013,0.0063
643,0.0013,0.0065
644,0.0013,0.006699999999999999
645,0.0013,0.0069
646,0.0013,0.0070999999999999995
647,0.0013,0.0073
648,0.0013,0.0075
649,0.0015,0.0055
650,0.0015,0.005699999999999999
651,0.0015,0.0059
652,0.0015,0.0060999999999999995
653,0.0015,0.0063
654,0.0015,0.0065
655,0.0015,0.006699999999999999
656,0.0015,0.0069
657,0.0015,0.0070999999999999995
658,0.0015,0.0073
659,0.0015,0.0075
660,0.0005,0.0055
661,0.0005,0.005699999999999999
662,0.0005,0.0059
663,0.0005,0.0060999999999999995
664,0.0005,0.0063
665,0.0005,0.0065
666,0.0005,0.006699999999999999
667,0.0005,0.0069
668,0.0005,0.0070999999999999995
669,0.0005,0.0073
670,0.0005,0.0075
671,0.0007,0.0055
672,0.0007,0.005699999999999999
673,0.0007,0.0059
674,0.0007,0.0060999999999999995
675,0.0007,0.0063
676,0.0007,0.0065
677,0.0007,0.006699999999999999
678,0.0007,0.0069
679,0.0007,0.0070999999999999995
680,0.0007,0.0073
681,0.0007,0.0075
682,0.0009,0.0055
683,0.0009,0.005699999999999999
684,0.0009,0.0059
685,0.0009,0.0060999999999999995
686,0.0009,0.0063
687,0.0009,0.0065
688,0.0009,0.006699999999999999
689,0.0009,0.0069
690,0.0009,0.0070999999999999995
691,0.0009,0.0073
692,0.0009,0.0075
693,0.0011,0.0055
694,0.0011,0.005699999999999999
695,0.0011,0.0059
696,0.0011,0.0060999999999999995
697,0.0011,0.0063
698,0.0011,0.0065
699,0.0011,0.006699999999999999
700,0.0011,0.0069
701,0.0011,0.0070999999999999995
702,0.0011,0.0073
703,0.0011,0.0075
704,0.0013,0.0055
705,0.0013,0.005699999999999999
706,0.0013,0.0059
707,0.0013,0.0060999999999999995
708,0.0013,0.0063
709,0.0013,0.0065
710,0.0013,0.006699999999999999
711,0.0013,0.0069
712,0.0013,0.0070999999999999995
713,0.0013,0.0073
714,0.0013,0.0075
715,0.0015,0.0055
716,0.0015,0.005699999999999999
717,0.0015,0.0059
718,0.0015,0.0060999999999999995
719,0.0015,0.0063
720,0.0015,0.0065
721,0.0015,0.006699999999999999
722,0.0015,0.0069
723,0.0015,0.0070999999999999995
724,0.0015,0.0073
725,0.0015,0.0075
726,0.0005,0.0055
727,0.0005,0.005699999999999999
728,0.0005,0.0059
729,0.0005,0.0060999999999999995
730,0.0005,0.0063
731,0.0005,0.0065
732,0.0005,0.006699999999999999
733,0.0005,0.0069
734,0.0005,0.0070999999999999995
735,0.0005,0.0073
736,0.0005,0.0075
737,0.0007,0.0055
738,0.0007,0.005699999999999999
739,0.0007,0.0059
740,0.0007,0.0060999999999999995
741,0.0007,0.0063
742,0.0007,0.0065
743,0.0007,0.006699999999999999
744,0.0007,0.0069
745,0.0007,0.0070999999999999995
746,0.0007,0.0073
747,0.0007,0.0075
748,0.0009,0.0055
749,0.0009,0.005699999999999999
750,0.0009,0.0059
751,0.0009,0.0060999999999999995
752,0.0009,0.0063
753,0.0009,0.0065
754,0.0009,0.006699999999999999
755,0.0009,0.0069
756,0.0009,0.0070999999999999995
757,0.0009,0.0073
758,0.0009,0.0075
759,0.0011,0.0055
760,0.0011,0.005699999999999999
761,0.0011,0.0059
762,0.0011,0.0060999999999999995
763,0.0011,0.0063
764,0.0011,0.0065
765,0.0011,0.006699999999999999
766,0.0011,0.0069
767,0.0011,0.0070999999999999995
768,0.0011,0.0073
769,0.0011,0.0075
770,0.0013,0.0055
771,0.0013,0.005699999999999999
772,0.0013,0.0059
773,0.0013,0.0060999999999999995
774,0.0013,0.0063
775,0.0013,0.0065
776,0.0013,0.006699999999999999
777,0.0013,0.0069
778,0.0013,0.0070999999999999995
779,0.0013,0.0073
780,0.0013,0.0075
781,0.0015,0.0055
782,0.0015,0.005699999999999999
783,0.0015,0.0059
784,0.0015,0.0060999999999999995
785,0.0015,0.0063
786,0.0015,0.0065
787,0.0015,0.006699999999999999
788,0.0015,0.0069
789,0.0015,0.0070999999999999995
790,0.0015,0.0073
791,0.0015,0.0075
792,0.0005,0.0055
793,0.0005,0.005699999999999999
794,0.0005,0.0059
795,0.0005,0.0060999999999999995
796,0.0005,0.0063
797,0.0005,0.0065
798,0.0005,0.006699999999999999
799,0.0005,0.0069
800,0.0005,0.0070999999999999995
801,0.0005,0.0073
802,0.0005,0.0075
803,0.0007,0.0055
804,0.0007,0.005699999999999999
805,0.0007,0.0059
806,0.0007,0.0060999999999999995
807,0.0007,0.0063
808,0.0007,0.0065
809,0.0007,0.006699999999999999
810,0.0007,0.0069
811,0.0007,0.0070999999999999995
812,0.0007,0.0073
813,0.0007,0.0075
814,0.0009,0.0055
815,0.0009,0.005699999999999999
816,0.0009,0.0059
817,0.0009,0.0060999999999999995
818,0.0009,0.0063
819,0.0009,0.0065
820,0.0009,0.006699999999999999
821,0.0009,0.0069
822,0.0009,0.0070999999999999995
823,0.0009,0.0073
824,0.0009,0.0075
825,0.0011,0.0055
826,0.0011,0.005699999999999999
827,0.0011,0.0059
828,0.0011,0.0060999999999999995
829,0.0011,0.0063
830,0.0011,0.0065
831,0.0011,0.006699999999999999
832,0.0011,0.0069
833,0.0011,0.0070999999999999995
834,0.0011,0.0073
835,0.0011,0.0075
836,0.0013,0.0055
837,0.0013,0.005699999999999999
838,0.0013,0.0059
839,0.0013,0.0060999999999999995
840,0.0013,0.0063
841,0.0013,0.0065
842,0.0013,0.006699999999999999
843,0.0013,0.0069
844,0.0013,0.0070999999999999995
845,0.0013,0.0073
846,0.0013,0.0075
847,0.0015,0.0055
848,0.0015,0.005699999999999999
849,0.0015,0.0059
850,0.0015,0.0060999999999999995
851,0.0015,0.0063
852,0.0015,0.0065
853,0.0015,0.006699999999999999
854,0.0015,0.0069
855,0.0015,0.0070999999999999995
856,0.0015,0.0073
857,0.0015,0.0075
858,0.0005,0.0055
859,0.0005,0.005699999999999999
860,0.0005,0.0059
861,0.0005,0.0060999999999999995
862,0.0005,0.0063
863,0.0005,0.0065
864,0.0005,0.006699999999999999
865,0.0005,0.0069
866,0.0005,0.0070999999999999995
867,0.0005,0.0073
868,0.0005,0.0075
869,0.0007,0.0055
870,0.0007,0.005699999999999999
871,0.0007,0.0059
872,0.0007,0.0060999999999999995
873,0.0007,0.0063
874,0.0007,0.0065
875,0.0007,0.006699999999999999
876,0.0007,0.0069
877,0.0007,0.0070999999999999995
878,0.0007,0.0073
879,0.0007,0.0075
880,0.0009,0.0055
881,0.0009,0.005699999999999999
882,0.0009,0.0059
883,0.0009,0.0060999999999999995
884,0.0009,0.0063
885,0.0009,0.0065
886,0.0009,0.006699999999999999
887,0.0009,0.0069
888,0.0009,0.0070999999999999995
889,0.0009,0.0073
890,0.0009,0.0075
891,0.0011,0.0055
892,0.0011,0.005699999999999999
893,0.0011,0.0059
894,0.0011,0.0060999999999999995
895,0.0011,0.0063
896,0.0011,0.0065
897,0.0011,0.006699999999999999
898,0.0011,0.0069
899,0.0011,0.0070999999999999995
900,0.0011,0.0073
901,0.0011,0.0075
902,0.0013,0.0055
903,0.0013,0.005699999999999999
904,0.0013,0.0059
905,0.0013,0.0060999999999999995
906,0.0013,0.0063
907,0.0013,0.0065
908,0.0013,0.006699999999999999
909,0.0013,0.0069
910,0.0013,0.0070999999999999995
911,0.0013,0.0073
912,0.0013,0.0075
913,0.0015,0.0055
914,0.0015,0.005699999999999999
915,0.0015,0.0059
916,0.0015,0.0060999999999999995
917,0.0015,0.0063
918,0.0015,0.0065
919,0.0015,0.006699999999999999
920,0.0015,0.0069
921,0.0015,0.0070999999999999995
922,0.0015,0.0073
923,0.0015,0.0075
924,0.0005,0.0055
925,0.0005,0.005699999999999999
926,0.0005,0.0059
927,0.0005,0.0060999999999999995
928,0.0005,0.0063
929,0.0005,0.0065
930,0.0005,0.006699999999999999
931,0.0005,0.0069
932,0.0005,0.0070999999999999995
933,0.0005,0.0073
934,0.0005,0.0075
935,0.0007,0.0055
936,0.0007,0.005699999999999999
937,0.0007,0.0059
938,0.0007,0.0060999999999999995
939,0.0007,0.0063
940,0.0007,0.0065
941,0.0007,0.006699999999999999
942,0.0007,0.0069
943,0.0007,0.0070999999999999995
944,0.0007,0.0073
945,0.0007,0.0075
946,0.0009,0.0055
947,0.0009,0.005699999999999999
948,0.0009,0.0059
949,0.0009,0.0060999999999999995
950,0.0009,0.0063
951,0.0009,0.0065
952,0.0009,0.006699999999999999
953,0.0009,0.0069
954,0.0009,0.0070999999999999995
955,0.0009,0.0073
956,0.0009,0.0075
957,0.0011,0.0055
958,0.0011,0.005699999999999999
959,0.0011,0.0059
960,0.0011,0.0060999999999999995
961,0.0011,0.0063
962,0.0011,0.0065
963,0.0011,0.006699999999999999
964,0.0011,0.0069
965,0.0011,0.0070999999999999995
966,0.0011,0.0073
967,0.0011,0.0075
968,0.0013,0.0055
969,0.0013,0.005699999999999999
970,0.0013,0.0059
971,0.0013,0.0060999999999999995
972,0.0013,0.0063
973,0.0013,0.0065
974,0.0013,0.006699999999999999
975,0.0013,0.0069
976,0.0013,0.0070999999999999995
977,0.0013,0.0073
978,0.0013,0.0075
979,0.0015,0.0055
980,0.0015,0.005699999999999999
981,0.0015,0.0059
982,0.0015,0.0060999999999999995
983,0.0015,0.0063
984,0.0015,0.0065
985,0.0015,0.006699999999999999
986,0.0015,0.0069
987,0.0015,0.0070999999999999995
988,0.0015,0.0073
989,0.0015,0.0075
990,0.0005,0.0055
991,0.0005,0.005699999999999999
992,0.0005,0.0059
993,0.0005,0.0060999999999999995
994,0.0005,0.0063
995,0.0005,0.0065
996,0.0005,0.006699999999999999
997,0.0005,0.0069
998,0.0005,0.0070999999999999995
999,0.0005,0.0073
1000,0.0005,0.0075
1001,0.0007,0.0055
1002,0.0007,0.005699999999999999
1003,0.0007,0.0059
1004,0.0007,0.0060999999999999995
1005,0.0007,0.0063
1006,0.0007,0.0065
1007,0.0007,0.006699999999999999
1008,0.0007,0.0069
1009,0.0007,0.0070999999999999995
1010,0.0007,0.0073
1011,0.0007,0.0075
1012,0.0009,0.0055
1013,0.0009,0.005699999999999999
1014,0.0009,0.0059
1015,0.0009,0.0060999999999999995
1016,0.0009,0.0063
1017,0.0009,0.0065
1018,0.0009,0.006699999999999999
1019,0.0009,0.0069
1020,0.0009,0.0070999999999999995
1021,0.0009,0.0073
1022,0.0009,0.0075
1023,0.0011,0.0055
1024,0.0011,0.005699999999999999
1025,0.0011,0.0059
1026,0.0011,0.0060999999999999995
1027,0.0011,0.0063
1028,0.0011,0.0065
1029,0.0011,0.006699999999999999
1030,0.0011,0.0069
1031,0.0011,0.0070999999999999995
1032,0.0011,0.0073
1033,0.0011,0.0075
1034,0.0013,0.0055
1035,0.0013,0.005699999999999999
1036,0.0013,0.0059
1037,0.0013,0.0060999999999999995
1038,0.0013,0.0063
1039,0.0013,0.0065
1040,0.0013,0.006699999999999999
1041,0.0013,0.0069
1042,0.0013,0.0070999999999999995
1043,0.0013,0.0073
1044,0.0013,0.0075
1045,0.0015,0.0055
1046,0.0015,0.005699999999999999
1047,0.0015,0.0059
1048,0.0015,0.0060999999999999995
1049,0.0015,0.0063
1050,0.0015,0.0065
1051,0.0015,0.006699999999999999
1052,0.0015,0.0069
1053,0.0015,0.0070999999999999995
1054,0.0015,0.0073
1055,0.0015,0.0075
1056,0.0005,0.0055
1057,0.0005,0.005699999999999999
1058,0.0005,0.0059
1059,0.0005,0.0060999999999999995
1060,0.0005,0.0063
1061,0.0005,0.0065
1062,0.0005,0.006699999999999999
1063,0.0005,0.0069
1064,0.0005,0.0070999999999999995
1065,0.0005,0.0073
1066,0.0005,0.0075
1067,0.0007,0.0055
1068,0.0007,0.005699999999999999
1069,0.0007,0.0059
1070,0.0007,0.0060999999999999995
1071,0.0007,0.0063
1072,0.0007,0.0065
1073,0.0007,0.006699999999999999
1074,0.0007,0.0069
1075,0.0007,0.0070999999999999995
1076,0.0007,0.0073
1077,0.0007,0.0075
1078,0.0009,0.0055
1079,0.0009,0.005699999999999999
1080,0.0009,0.0059
1081,0.0009,0.0060999999999999995
1082,0.0009,0.0063
1083,0.0009,0.0065
1084,0.0009,0.006699999999999999
1085,0.0009,0.0069
1086,0.0009,0.0070999999999999995
1087,0.0009,0.0073
1088,0.0009,0.0075
1089,0.0011,0.0055
1090,0.0011,0.005699999999999999
1091,0.0011,0.0059
1092,0.0011,0.0060999999999999995
1093,0.0011,0.0063
1094,0.0011,0.0065
1095,0.0011,0.006699999999999999
1096,0.0011,0.0069
1097,0.0011,0.0070999999999999995
1098,0.0011,0.0073
1099,0.0011,0.0075
1100,0.0013,0.0055
1101,0.0013,0.005699999999999999
1102,0.0013,0.0059
1103,0.0013,0.0060999999999999995
1104,0.0013,0.0063
1105,0.0013,0.0065
1106,0.0013,0.006699999999999999
1107,0.0013,0.0069
1108,0.0013,0.0070999999999999995
1109,0.0013,0.0073
1110,0.0013,0.0075
1111,0.0015,0.0055
1112,0.0015,0.005699999999999999
1113,0.0015,0.0059
1114,0.0015,0.0060999999999999995
1115,0.0015,0.0063
1116,0.0015,0.0065
1117,0.0015,0.006699999999999999
1118,0.0015,0.0069
1119,0.0015,0.0070999999999999995
1120,0.0015,0.0073
1121,0.0015,0.0075
1122,0.0005,0.0055
1123,0.0005,0.005699999999999999
1124,0.0005,0.0059
1125,0.0005,0.0060999999999999995
1126,0.0005,0.0063
1127,0.0005,0.0065
1128,0.0005,0.006699999999999999
1129,0.0005,0.0069
1130,0.0005,0.0070999999999999995
1131,0.0005,0.0073
1132,0.0005,0.0075
1133,0.0007,0.0055
1134,0.0007,0.005699999999999999
1135,0.0007,0.0059
1136,0.0007,0.0060999999999999995
1137,0.0007,0.0063
1138,0.0007,0.0065
1139,0.0007,0.006699999999999999
1140,0.0007,0.0069
1141,0.0007,0.0070999999999999995
1142,0.0007,0.0073
1143,0.0007,0.0075
1144,0.0009,0.0055
1145,0.0009,0.005699999999999999
1146,0.0009,0.0059
1147,0.0009,0.0060999999999999995
1148,0.0009,0.0063
1149,0.0009,0.0065
1150,0.0009,0.006699999999999999
1151,0.0009,0.0069
1152,0.0009,0.0070999999999999995
1153,0.0009,0.0073
1154,0.0009,0.0075
1155,0.0011,0.0055
1156,0.0011,0.005699999999999999
1157,0.0011,0.0059
1158,0.0011,0.0060999999999999995
1159,0.0011,0.0063
1160,0.0011,0.0065
1161,0.0011,0.006699999999999999
1162,0.0011,0.0069
1163,0.0011,0.0070999999999999995
1164,0.0011,0.0073
1165,0.0011,0.0075
1166,0.0013,0.0055
1167,0.0013,0.005699999999999999
1168,0.0013,0.0059
1169,0.0013,0.0060999999999999995
1170,0.0013,0.0063
1171,0.0013,0.0065
1172,0.0013,0.006699999999999999
1173,0.0013,0.0069
1174,0.0013,0.0070999999999999995
1175,0.0013,0.0073
1176,0.0013,0.0075
1177,0.0015,0.0055
1178,0.0015,0.005699999999999999
1179,0.0015,0.0059
1180,0.0015,0.0060999999999999995
1181,0.0015,0.0063
1182,0.0015,0.0065
1183,0.0015,0.006699999999999999
1184,0.0015,0.0069
1185,0.0015,0.0070999999999999995
1186,0.0015,0.0073
1187,0.0015,0.0075
1188,0.0005,0.0055
1189,0.0005,0.005699999999999999
1190,0.0005,0.0059
1191,0.0005,0.0060999999999999995
1192,0.0005,0.0063
1193,0.0005,0.0065
1194,0.0005,0.006699999999999999
1195,0.0005,0.0069
1196,0.0005,0.0070999999999999995
1197,0.0005,0.0073
1198,0.0005,0.0075
1199,0.0007,0.0055
1200,0.0007,0.005699999999999999
1201,0.0007,0.0059
1202,0.0007,0.0060999999999999995
1203,0.0007,0.0063
1204,0.0007,0.0065
1205,0.0007,0.006699999999999999
1206,0.0007,0.0069
1207,0.0007,0.0070999999999999995
1208,0.0007,0.0073
1209,0.0007,0.0075
1210,0.0009,0.0055
1211,0.0009,0.005699999999999999
1212,0.0009,0.0059
1213,0.0009,0.0060999999999999995
1214,0.0009,0.0063
1215,0.0009,0.0065
1216,0.0009,0.006699999999999999
1217,0.0009,0.0069
1218,0.0009,0.0070999999999999995
1219,0.0009,0.0073
1220,0.0009,0.0075
1221,0.0011,0.0055
1222,0.0011,0.005699999999999999
1223,0.0011,0.0059
1224,0.0011,0.0060999999999999995
1225,0.0011,0.0063
1226,0.0011,0.0065
1227,0.0011,0.006699999999999999
1228,0.0011,0.0069
1229,0.0011,0.0070999999999999995
1230,0.0011,0.0073
1231,0.0011,0.0075
1232,0.0013,0.0055
1233,0.0013,0.005699999999999999
1234,0.0013,0.0059
1235,0.0013,0.0060999999999999995
1236,0.0013,0.0063
1237,0.0013,0.0065
1238,0.0013,0.006699999999999999
1239,0.0013,0.0069
1240,0.0013,0.0070999999999999995
1241,0.0013,0.0073
1242,0.0013,0.0075
1243,0.0015,0.0055
1244,0.0015,0.005699999999999999
1245,0.0015,0.0059
1246,0.0015,0.0060999999999999995
1247,0.0015,0.0063
1248,0.0015,0.0065
1249,0.0015,0.006699999999999999
1250,0.0015,0.0069
1251,0.0015,0.0070999999999999995
1252,0.0015,0.0073
1253,0.0015,0.0075
1254,0.0005,0.0055
1255,0.0005,0.005699999999999999
1256,0.0005,0.0059
1257,0.0005,0.0060999999999999995
1258,0.0005,0.0063
1259,0.0005,0.0065
1260,0.0005,0.006699999999999999
1261,0.0005,0.0069
1262,0.0005,0.0070999999999999995
1263,0.0005,0.0073
1264,0.0005,0.0075
1265,0.0007,0.0055
1266,0.0007,0.005699999999999999
1267,0.0007,0.0059
1268,0.0007,0.0060999999999999995
1269,0.0007,0.0063
1270,0.0007,0.0065
1271,0.0007,0.006699999999999999
1272,0.0007,0.0069
1273,0.0007,0.0070999999999999995
1274,0.0007,0.0073
1275,0.0007,0.0075
1276,0.0009,0.0055
1277,0.0009,0.005699999999999999
1278,0.0009,0.0059
1279,0.0009,0.0060999999999999995
1280,0.0009,0.0063
1281,0.0009,0.0065
1282,0.0009,0.006699999999999999
1283,0.0009,0.0069
1284,0.0009,0.0070999999999999995
1285,0.0009,0.0073
1286,0.0009,0.0075
1287,0.0011,0.0055
1288,0.0011,0.005699999999999999
1289,0.0011,0.0059
1290,0.0011,0.0060999999999999995
1291,0.0011,0.0063
1292,0.0011,0.0065
1293,0.0011,0.006699999999999999
1294,0.0011,0.0069
1295,0.0011,0.0070999999999999995
1296,0.0011,0.0073
1297,0.0011,0.0075
1298,0.0013,0.0055
1299,0.0013,0.005699999999999999
1300,0.0013,0.0059
1301,0.0013,0.0060999999999999995
1302,0.0013,0.0063
1303,0.0013,0.0065
1304,0.0013,0.006699999999999999
1305,0.0013,0.0069
1306,0.0013,0.0070999999999999995
1307,0.0013,0.0073
1308,0.0013,0.0075
1309,0.0015,0.0055
1310,0.0015,0.005699999999999999
1311,0.0015,0.0059
1312,0.0015,0.0060999999999999995
1313,0.0015,0.0063
1314,0.0015,0.0065
1315,0.0015,0.006699999999999999
1316,0.0015,0.0069
1317,0.0015,0.0070999999999999995
1318,0.0015,0.0073
1319,0.0015,0.0075
1320,0.0005,0.0055
1321,0.0005,0.005699999999999999
1322,0.0005,0.0059
1323,0.0005,0.0060999999999999995
1324,0.0005,0.0063
1325,0.0005,0.0065
1326,0.0005,0.006699999999999999
1327,0.0005,0.0069
1328,0.0005,0.0070999999999999995
1329,0.0005,0.0073
1330,0.0005,0.0075
1331,0.0007,0.0055
1332,0.0007,0.005699999999999999
1333,0.0007,0.0059
1334,0.0007,0.0060999999999999995
1335,0.0007,0.0063
1336,0.0007,0.0065
1337,0.0007,0.006699999999999999
1338,0.0007,0.0069
1339,0.0007,0.0070999999999999995
1340,0.0007,0.0073
1341,0.0007,0.0075
1342,0.0009,0.0055
1343,0.0009,0.005699999999999999
1344,0.0009,0.0059
1345,0.0009,0.0060999999999999995
1346,0.0009,0.0063
1347,0.0009,0.0065
1348,0.0009,0.006699999999999999
1349,0.0009,0.0069
1350,0.0009,0.0070999999999999995
1351,0.0009,0.0073
1352,0.0009,0.0075
1353,0.0011,0.0055
1354,0.0011,0.005699999999999999
1355,0.0011,0.0059
1356,0.0011,0.0060999999999999995
1357,0.0011,0.0063
1358,0.0011,0.0065
1359,0.0011,0.006699999999999999
1360,0.0011,0.0069
1361,0.0011,0.0070999999999999995
1362,0.0011,0.0073
1363,0.0011,0.0075
1364,0.0013,0.0055
1365,0.0013,0.005699999999999999
1366,0.0013,0.0059
1367,0.0013,0.0060999999999999995
1368,0.0013,0.0063
1369,0.0013,0.0065
1370,0.0013,0.006699999999999999
1371,0.0013,0.0069
1372,0.0013,0.0070999999999999995
1373,0.0013,0.0073
1374,0.0013,0.0075
1375,0.0015,0.0055
1376,0.0015,0.005699999999999999
1377,0.0015,0.0059
1378,0.0015,0.0060999999999999995
1379,0.0015,0.0063
1380,0.0015,0.0065
1381,0.0015,0.006699999999999999
1382,0.0015,0.0069
1383,0.0015,0.0070999999999999995
1384,0.0015,0.0073
1385,0.0015,0.0075
1386,0.0005,0.0055
1387,0.0005,0.005699999999999999
1388,0.0005,0.0059
1389,0.0005,0.0060999999999999995
1390,0.0005,0.0063
1391,0.0005,0.0065
1392,0.0005,0.006699999999999999
1393,0.0005,0.0069
1394,0.0005,0.0070999999999999995
1395,0.0005,0.0073
1396,0.0005,0.0075
1397,0.0007,0.0055
1398,0.0007,0.005699999999999999
1399,0.0007,0.0059
1400,0.0007,0.0060999999999999995
1401,0.0007,0.0063
1402,0.0007,0.0065
1403,0.0007,0.006699999999999999
1404,0.0007,0.0069
1405,0.0007,0.0070999999999999995
1406,0.0007,0.0073
1407,0.0007,0.0075
1408,0.0009,0.0055
1409,0.0009,0.005699999999999999
1410,0.0009,0.0059
1411,0.0009,0.0060999999999999995
1412,0.0009,0.0063
1413,0.0009,0.0065
1414,0.0009,0.006699999999999999
1415,0.0009,0.0069
1416,0.0009,0.0070999999999999995
1417,0.0009,0.0073
1418,0.0009,0.0075
1419,0.0011,0.0055
1420,0.0011,0.005699999999999999
1421,0.0011,0.0059
1422,0.0011,0.0060999999999999995
1423,0.0011,0.0063
1424,0.0011,0.0065
1425,0.0011,0.006699999999999999
1426,0.0011,0.0069
1427,0.0011,0.0070999999999999995
1428,0.0011,0.0073
1429,0.0011,0.0075
1430,0.0013,0.0055
1431,0.0013,0.005699999999999999
1432,0.0013,0.0059
1433,0.0013,0.0060999999999999995
1434,0.0013,0.0063
1435,0.0013,0.0065
1436,0.0013,0.006699999999999999
1437,0.0013,0.0069
1438,0.0013,0.0070999999999999995
1439,0.0013,0.0073
1440,0.0013,0.0075
1441,0.0015,0.0055
1442,0.0015,0.005699999999999999
1443,0.0015,0.0059
1444,0.0015,0.0060999999999999995
1445,0.0015,0.0063
1446,0.0015,0.0065
1447,0.0015,0.006699999999999999
1448,0.0015,0.0069
1449,0.0015,0.0070999999999999995
1450,0.0015,0.0073
1451,0.0015,0.0075
1452,0.0005,0.0055
1453,0.0005,0.005699999999999999
1454,0.0005,0.0059
1455,0.0005,0.0060999999999999995
1456,0.0005,0.0063
1457,0.0005,0.0065
1458,0.0005,0.006699999999999999
1459,0.0005,0.0069
1460,0.0005,0.0070999999999999995
1461,0.0005,0.0073
1462,0.0005,0.0075
1463,0.0007,0.0055
1464,0.0007,0.005699999999999999
1465,0.0007,0.0059
1466,0.0007,0.0060999999999999995
1467,0.0007,0.0063
1468,0.0007,0.0065
1469,0.0007,0.006699999999999999
1470,0.0007,0.0069
1471,0.0007,0.0070999999999999995
1472,0.0007,0.0073
1473,0.0007,0.0075
1474,0.0009,0.0055
1475,0.0009,0.005699999999999999
1476,0.0009,0.0059
1477,0.0009,0.0060999999999999995
1478,0.0009,0.0063
1479,0.0009,0.0065
1480,0.0009,0.006699999999999999
1481,0.0009,0.0069
1482,0.0009,0.0070999999999999995
1483,0.0009,0.0073
1484,0.0009,0.0075
1485,0.0011,0.0055
1486,0.0011,0.005699999999999999
1487,0.0011,0.0059
1488,0.0011,0.0060999999999999995
1489,0.0011,0.0063
1490,0.0011,0.0065
1491,0.0011,0.006699999999999999
1492,0.0011,0.0069
1493,0.0011,0.0070999999999999995
1494,0.0011,0.0073
1495,0.0011,0.0075
1496,0.0013,0.0055
1497,0.0013,0.005699999999999999
1498,0.0013,0.0059
1499,0.0013,0.0060999999999999995
1500,0.0013,0.0063
1501,0.0013,0.0065
1502,0.0013,0.006699999999999999
1503,0.0013,0.0069
1504,0.0013,0.0070999999999999995
1505,0.0013,0.0073
1506,0.0013,0.0075
1507,0.0015,0.0055
1508,0.0015,0.005699999999999999
1509,0.0015,0.0059
1510,0.0015,0.0060999999999999995
1511,0.0015,0.0063
1512,0.0015,0.0065
1513,0.0015,0.006699999999999999
1514,0.0015,0.0069
1515,0.0015,0.0070999999999999995
1516,0.0015,0.0073
1517,0.0015,0.0075
1518,0.0005,0.0055
1519,0.0005,0.005699999999999999
1520,0.0005,0.0059
1521,0.0005,0.0060999999999999995
1522,0.0005,0.0063
1523,0.0005,0.0065
1524,0.0005,0.006699999999999999
1525,0.0005,0.0069
1526,0.0005,0.0070999999999999995
1527,0.0005,0.0073
1528,0.0005,0.0075
1529,0.0007,0.0055
1530,0.0007,0.005699999999999999
1531,0.0007,0.0059
1532,0.0007,0.0060999999999999995
1533,0.0007,0.0063
1534,0.0007,0.0065
1535,0.0007,0.006699999999999999
1536,0.0007,0.0069
1537,0.0007,0.0070999999999999995
1538,0.0007,0.0073
1539,0.0007,0.0075
1540,0.0009,0.0055
1541,0.0009,0.005699999999999999
1542,0.0009,0.0059
1543,0.0009,0.0060999999999999995
1544,0.0009,0.0063
1545,0.0009,0.0065
1546,0.0009,0.006699999999999999
1547,0.0009,0.0069
1548,0.0009,0.0070999999999999995
1549,0.0009,0.0073
1550,0.0009,0.0075
1551,0.0011,0.0055
1552,0.0011,0.005699999999999999
1553,0.0011,0.0059
1554,0.0011,0.0060999999999999995
1555,0.0011,0.0063
1556,0.0011,0.0065
1557,0.0011,0.006699999999999999
1558,0.0011,0.0069
1559,0.0011,0.0070999999999999995
1560,0.0011,0.0073
1561,0.0011,0.0075
1562,0.0013,0.0055
1563,0.0013,0.005699999999999999
1564,0.0013,0.0059
1565,0.0013,0.0060999999999999995
1566,0.0013,0.0063
1567,0.0013,0.0065
1568,0.0013,0.006699999999999999
1569,0.0013,0.0069
1570,0.0013,0.0070999999999999995
1571,0.0013,0.0073
1572,0.0013,0.0075
1573,0.0015,0.0055
1574,0.0015,0.005699999999999999
1575,0.0015,0.0059
1576,0.0015,0.0060999999999999995
1577,0.0015,0.0063
1578,0.0015,0.0065
1579,0.0015,0.006699999999999999
1580,0.0015,0.0069
1581,0.0015,0.0070999999999999995
1582,0.0015,0.0073
1583,0.0015,0.0075
1584,0.0005,0.0055
1585,0.0005,0.005699999999999999
1586,0.0005,0.0059
1587,0.0005,0.0060999999999999995
1588,0.0005,0.0063
1589,0.0005,0.0065
1590,0.0005,0.006699999999999999
1591,0.0005,0.0069
1592,0.0005,0.0070999999999999995
1593,0.0005,0.0073
1594,0.0005,0.0075
1595,0.0007,0.0055
1596,0.0007,0.005699999999999999
1597,0.0007,0.0059
1598,0.0007,0.0060999999999999995
1599,0.0007,0.0063
1600,0.0007,0.0065
1601,0.0007,0.006699999999999999
1602,0.0007,0.0069
1603,0.0007,0.0070999999999999995
1604,0.0007,0.0073
1605,0.0007,0.0075
1606,0.0009,0.0055
1607,0.0009,0.005699999999999999
1608,0.0009,0.0059
1609,0.0009,0.0060999999999999995
1610,0.0009,0.0063
1611,0.0009,0.0065
1612,0.0009,0.006699999999999999
1613,0.0009,0.0069
1614,0.0009,0.0070999999999999995
1615,0.0009,0.0073
1616,0.0009,0.0075
1617,0.0011,0.0055
1618,0.0011,0.005699999999999999
1619,0.0011,0.0059
1620,0.0011,0.0060999999999999995
1621,0.0011,0.0063
1622,0.0011,0.0065
1623,0.0011,0.006699999999999999
1624,0.0011,0.0069
1625,0.0011,0.0070999999999999995
1626,0.0011,0.0073
1627,0.0011,0.0075
1628,0.0013,0.0055
1629,0.0013,0.005699999999999999
1630,0.0013,0.0059
1631,0.0013,0.0060999999999999995
1632,0.0013,0.0063
1633,0.0013,0.0065
1634,0.0013,0.006699999999999999
1635,0.0013,0.0069
1636,0.0013,0.0070999999999999995
1637,0.0013,0.0073
1638,0.0013,0.0075
1639,0.0015,0.0055
1640,0.0015,0.005699999999999999
1641,0.0015,0.0059
1642,0.0015,0.0060999999999999995
1643,0.0015,0.0063
1644,0.0015,0.0065
1645,0.0015,0.006699999999999999
1646,0.0015,0.0069
1647,0.0015,0.0070999999999999995
1648,0.0015,0.0073
1649,0.0015,0.0075
