,div1,div2
0,0.021,0.021
1,0.021,0.021
2,0.021,0.021
3,0.021,0.021
4,0.021,0.021
5,0.021,0.021
6,0.021,0.021
7,0.021,0.021
8,0.021,0.021
9,0.021,0.021
10,0.021,0.021
11,0.021,0.021
12,0.021,0.021
13,0.021,0.021
14,0.021,0.021
15,0.021,0.021
16,0.021,0.021
17,0.021,0.021
18,0.021,0.021
19,0.021,0.021
20,0.021,0.021
21,0.021,0.021
22,0.021,0.021
23,0.021,0.021
24,0.021,0.021
25,0.021,0.021
26,0.021,0.021
27,0.021,0.021
28,0.021,0.021
29,0.021,0.021
30,0.021,0.021
31,0.021,0.021
32,0.021,0.021
33,0.021,0.021
34,0.021,0.021
35,0.021,0.021
36,0.021,0.021
37,0.021,0.021
38,0.021,0.021
39,0.021,0.021
40,0.021,0.021
41,0.021,0.021
42,0.021,0.021
43,0.021,0.021
44,0.021,0.021
45,0.021,0.021
46,0.021,0.021
47,0.021,0.021
48,0.021,0.021
49,0.021,0.021
50,0.021,0.021
51,0.021,0.021
52,0.021,0.021
53,0.021,0.021
54,0.021,0.021
55,0.021,0.021
56,0.021,0.021
57,0.021,0.021
58,0.021,0.021
59,0.021,0.021
60,0.021,0.021
61,0.021,0.021
62,0.021,0.021
63,0.021,0.021
64,0.021,0.021
65,0.021,0.021
66,0.021,0.022000000000000002
67,0.021,0.022000000000000002
68,0.021,0.022000000000000002
69,0.021,0.022000000000000002
70,0.021,0.022000000000000002
71,0.021,0.022000000000000002
72,0.021,0.022000000000000002
73,0.021,0.022000000000000002
74,0.021,0.022000000000000002
75,0.021,0.022000000000000002
76,0.021,0.022000000000000002
77,0.021,0.022000000000000002
78,0.021,0.022000000000000002
79,0.021,0.022000000000000002
80,0.021,0.022000000000000002
81,0.021,0.022000000000000002
82,0.021,0.022000000000000002
83,0.021,0.022000000000000002
84,0.021,0.022000000000000002
85,0.021,0.022000000000000002
86,0.021,0.022000000000000002
87,0.021,0.022000000000000002
88,0.021,0.022000000000000002
89,0.021,0.022000000000000002
90,0.021,0.022000000000000002
91,0.021,0.022000000000000002
92,0.021,0.022000000000000002
93,0.021,0.022000000000000002
94,0.021,0.022000000000000002
95,0.021,0.022000000000000002
96,0.021,0.022000000000000002
97,0.021,0.022000000000000002
98,0.021,0.022000000000000002
99,0.021,0.022000000000000002
100,0.021,0.022000000000000002
101,0.021,0.022000000000000002
102,0.021,0.022000000000000002
103,0.021,0.022000000000000002
104,0.021,0.022000000000000002
105,0.021,0.022000000000000002
106,0.021,0.022000000000000002
107,0.021,0.022000000000000002
108,0.021,0.022000000000000002
109,0.021,0.022000000000000002
110,0.021,0.022000000000000002
111,0.021,0.022000000000000002
112,0.021,0.022000000000000002
113,0.021,0.022000000000000002
114,0.021,0.022000000000000002
115,0.021,0.022000000000000002
116,0.021,0.022000000000000002
117,0.021,0.022000000000000002
118,0.021,0.022000000000000002
119,0.021,0.022000000000000002
120,0.021,0.022000000000000002
121,0.021,0.022000000000000002
122,0.021,0.022000000000000002
123,0.021,0.022000000000000002
124,0.021,0.022000000000000002
125,0.021,0.022000000000000002
126,0.021,0.022000000000000002
127,0.021,0.022000000000000002
128,0.021,0.022000000000000002
129,0.021,0.022000000000000002
130,0.021,0.022000000000000002
131,0.021,0.022000000000000002
132,0.021,0.023
133,0.021,0.023
134,0.021,0.023
135,0.021,0.023
136,0.021,0.023
137,0.021,0.023
138,0.021,0.023
139,0.021,0.023
140,0.021,0.023
141,0.021,0.023
142,0.021,0.023
143,0.021,0.023
144,0.021,0.023
145,0.021,0.023
146,0.021,0.023
147,0.021,0.023
148,0.021,0.023
149,0.021,0.023
150,0.021,0.023
151,0.021,0.023
152,0.021,0.023
153,0.021,0.023
154,0.021,0.023
155,0.021,0.023
156,0.021,0.023
157,0.021,0.023
158,0.021,0.023
159,0.021,0.023
160,0.021,0.023
161,0.021,0.023
162,0.021,0.023
163,0.021,0.023
164,0.021,0.023
165,0.021,0.023
166,0.021,0.023
167,0.021,0.023
168,0.021,0.023
169,0.021,0.023
170,0.021,0.023
171,0.021,0.023
172,0.021,0.023
173,0.021,0.023
174,0.021,0.023
175,0.021,0.023
176,0.021,0.023
177,0.021,0.023
178,0.021,0.023
179,0.021,0.023
180,0.021,0.023
181,0.021,0.023
182,0.021,0.023
183,0.021,0.023
184,0.021,0.023
185,0.021,0.023
186,0.021,0.023
187,0.021,0.023
188,0.021,0.023
189,0.021,0.023
190,0.021,0.023
191,0.021,0.023
192,0.021,0.023
193,0.021,0.023
194,0.021,0.023
195,0.021,0.023
196,0.021,0.023
197,0.021,0.023
198,0.021,0.024
199,0.021,0.024
200,0.021,0.024
201,0.021,0.024
202,0.021,0.024
203,0.021,0.024
204,0.021,0.024
205,0.021,0.024
206,0.021,0.024
207,0.021,0.024
208,0.021,0.024
209,0.021,0.024
210,0.021,0.024
211,0.021,0.024
212,0.021,0.024
213,0.021,0.024
214,0.021,0.024
215,0.021,0.024
216,0.021,0.024
217,0.021,0.024
218,0.021,0.024
219,0.021,0.024
220,0.021,0.024
221,0.021,0.024
222,0.021,0.024
223,0.021,0.024
224,0.021,0.024
225,0.021,0.024
226,0.021,0.024
227,0.021,0.024
228,0.021,0.024
229,0.021,0.024
230,0.021,0.024
231,0.021,0.024
232,0.021,0.024
233,0.021,0.024
234,0.021,0.024
235,0.021,0.024
236,0.021,0.024
237,0.021,0.024
238,0.021,0.024
239,0.021,0.024
240,0.021,0.024
241,0.021,0.024
242,0.021,0.024
243,0.021,0.024
244,0.021,0.024
245,0.021,0.024
246,0.021,0.024
247,0.021,0.024
248,0.021,0.024
249,0.021,0.024
250,0.021,0.024
251,0.021,0.024
252,0.021,0.024
253,0.021,0.024
254,0.021,0.024
255,0.021,0.024
256,0.021,0.024
257,0.021,0.024
258,0.021,0.024
259,0.021,0.024
260,0.021,0.024
261,0.021,0.024
262,0.021,0.024
263,0.021,0.024
264,0.021,0.025
265,0.021,0.025
266,0.021,0.025
267,0.021,0.025
268,0.021,0.025
269,0.021,0.025
270,0.021,0.025
271,0.021,0.025
272,0.021,0.025
273,0.021,0.025
274,0.021,0.025
275,0.021,0.025
276,0.021,0.025
277,0.021,0.025
278,0.021,0.025
279,0.021,0.025
280,0.021,0.025
281,0.021,0.025
282,0.021,0.025
283,0.021,0.025
284,0.021,0.025
285,0.021,0.025
286,0.021,0.025
287,0.021,0.025
288,0.021,0.025
289,0.021,0.025
290,0.021,0.025
291,0.021,0.025
292,0.021,0.025
293,0.021,0.025
294,0.021,0.025
295,0.021,0.025
296,0.021,0.025
297,0.021,0.025
298,0.021,0.025
299,0.021,0.025
300,0.021,0.025
301,0.021,0.025
302,0.021,0.025
303,0.021,0.025
304,0.021,0.025
305,0.021,0.025
306,0.021,0.025
307,0.021,0.025
308,0.021,0.025
309,0.021,0.025
310,0.021,0.025
311,0.021,0.025
312,0.021,0.025
313,0.021,0.025
314,0.021,0.025
315,0.021,0.025
316,0.021,0.025
317,0.021,0.025
318,0.021,0.025
319,0.021,0.025
320,0.021,0.025
321,0.021,0.025
322,0.021,0.025
323,0.021,0.025
324,0.021,0.025
325,0.021,0.025
326,0.021,0.025
327,0.021,0.025
328,0.021,0.025
329,0.021,0.025
330,0.022000000000000002,0.021
331,0.022000000000000002,0.021
332,0.022000000000000002,0.021
333,0.022000000000000002,0.021
334,0.022000000000000002,0.021
335,0.022000000000000002,0.021
336,0.022000000000000002,0.021
337,0.022000000000000002,0.021
338,0.022000000000000002,0.021
339,0.022000000000000002,0.021
340,0.022000000000000002,0.021
341,0.022000000000000002,0.021
342,0.022000000000000002,0.021
343,0.022000000000000002,0.021
344,0.022000000000000002,0.021
345,0.022000000000000002,0.021
346,0.022000000000000002,0.021
347,0.022000000000000002,0.021
348,0.022000000000000002,0.021
349,0.022000000000000002,0.021
350,0.022000000000000002,0.021
351,0.022000000000000002,0.021
352,0.022000000000000002,0.021
353,0.022000000000000002,0.021
354,0.022000000000000002,0.021
355,0.022000000000000002,0.021
356,0.022000000000000002,0.021
357,0.022000000000000002,0.021
358,0.022000000000000002,0.021
359,0.022000000000000002,0.021
360,0.022000000000000002,0.021
361,0.022000000000000002,0.021
362,0.022000000000000002,0.021
363,0.022000000000000002,0.021
364,0.022000000000000002,0.021
365,0.022000000000000002,0.021
366,0.022000000000000002,0.021
367,0.022000000000000002,0.021
368,0.022000000000000002,0.021
369,0.022000000000000002,0.021
370,0.022000000000000002,0.021
371,0.022000000000000002,0.021
372,0.022000000000000002,0.021
373,0.022000000000000002,0.021
374,0.022000000000000002,0.021
375,0.022000000000000002,0.021
376,0.022000000000000002,0.021
377,0.022000000000000002,0.021
378,0.022000000000000002,0.021
379,0.022000000000000002,0.021
380,0.022000000000000002,0.021
381,0.022000000000000002,0.021
382,0.022000000000000002,0.021
383,0.022000000000000002,0.021
384,0.022000000000000002,0.021
385,0.022000000000000002,0.021
386,0.022000000000000002,0.021
387,0.022000000000000002,0.021
388,0.022000000000000002,0.021
389,0.022000000000000002,0.021
390,0.022000000000000002,0.021
391,0.022000000000000002,0.021
392,0.022000000000000002,0.021
393,0.022000000000000002,0.021
394,0.022000000000000002,0.021
395,0.022000000000000002,0.021
396,0.022000000000000002,0.022000000000000002
397,0.022000000000000002,0.022000000000000002
398,0.022000000000000002,0.022000000000000002
399,0.022000000000000002,0.022000000000000002
400,0.022000000000000002,0.022000000000000002
401,0.022000000000000002,0.022000000000000002
402,0.022000000000000002,0.022000000000000002
403,0.022000000000000002,0.022000000000000002
404,0.022000000000000002,0.022000000000000002
405,0.022000000000000002,0.022000000000000002
406,0.022000000000000002,0.022000000000000002
407,0.022000000000000002,0.022000000000000002
408,0.022000000000000002,0.022000000000000002
409,0.022000000000000002,0.022000000000000002
410,0.022000000000000002,0.022000000000000002
411,0.022000000000000002,0.022000000000000002
412,0.022000000000000002,0.022000000000000002
413,0.022000000000000002,0.022000000000000002
414,0.022000000000000002,0.022000000000000002
415,0.022000000000000002,0.022000000000000002
416,0.022000000000000002,0.022000000000000002
417,0.022000000000000002,0.022000000000000002
418,0.022000000000000002,0.022000000000000002
419,0.022000000000000002,0.022000000000000002
420,0.022000000000000002,0.022000000000000002
421,0.022000000000000002,0.022000000000000002
422,0.022000000000000002,0.022000000000000002
423,0.022000000000000002,0.022000000000000002
424,0.022000000000000002,0.022000000000000002
425,0.022000000000000002,0.022000000000000002
426,0.022000000000000002,0.022000000000000002
427,0.022000000000000002,0.022000000000000002
428,0.022000000000000002,0.022000000000000002
429,0.022000000000000002,0.022000000000000002
430,0.022000000000000002,0.022000000000000002
431,0.022000000000000002,0.022000000000000002
432,0.022000000000000002,0.022000000000000002
433,0.022000000000000002,0.022000000000000002
434,0.022000000000000002,0.022000000000000002
435,0.022000000000000002,0.022000000000000002
436,0.022000000000000002,0.022000000000000002
437,0.022000000000000002,0.022000000000000002
438,0.022000000000000002,0.022000000000000002
439,0.022000000000000002,0.022000000000000002
440,0.022000000000000002,0.022000000000000002
441,0.022000000000000002,0.022000000000000002
442,0.022000000000000002,0.022000000000000002
443,0.022000000000000002,0.022000000000000002
444,0.022000000000000002,0.022000000000000002
445,0.022000000000000002,0.022000000000000002
446,0.022000000000000002,0.022000000000000002
447,0.022000000000000002,0.022000000000000002
448,0.022000000000000002,0.022000000000000002
449,0.022000000000000002,0.022000000000000002
450,0.022000000000000002,0.022000000000000002
451,0.022000000000000002,0.022000000000000002
452,0.022000000000000002,0.022000000000000002
453,0.022000000000000002,0.022000000000000002
454,0.022000000000000002,0.022000000000000002
455,0.022000000000000002,0.022000000000000002
456,0.022000000000000002,0.022000000000000002
457,0.022000000000000002,0.022000000000000002
458,0.022000000000000002,0.022000000000000002
459,0.022000000000000002,0.022000000000000002
460,0.022000000000000002,0.022000000000000002
461,0.022000000000000002,0.022000000000000002
462,0.022000000000000002,0.023
463,0.022000000000000002,0.023
464,0.022000000000000002,0.023
465,0.022000000000000002,0.023
466,0.022000000000000002,0.023
467,0.022000000000000002,0.023
468,0.022000000000000002,0.023
469,0.022000000000000002,0.023
470,0.022000000000000002,0.023
471,0.022000000000000002,0.023
472,0.022000000000000002,0.023
473,0.022000000000000002,0.023
474,0.022000000000000002,0.023
475,0.022000000000000002,0.023
476,0.022000000000000002,0.023
477,0.022000000000000002,0.023
478,0.022000000000000002,0.023
479,0.022000000000000002,0.023
480,0.022000000000000002,0.023
481,0.022000000000000002,0.023
482,0.022000000000000002,0.023
483,0.022000000000000002,0.023
484,0.022000000000000002,0.023
485,0.022000000000000002,0.023
486,0.022000000000000002,0.023
487,0.022000000000000002,0.023
488,0.022000000000000002,0.023
489,0.022000000000000002,0.023
490,0.022000000000000002,0.023
491,0.022000000000000002,0.023
492,0.022000000000000002,0.023
493,0.022000000000000002,0.023
494,0.022000000000000002,0.023
495,0.022000000000000002,0.023
496,0.022000000000000002,0.023
497,0.022000000000000002,0.023
498,0.022000000000000002,0.023
499,0.022000000000000002,0.023
500,0.022000000000000002,0.023
501,0.022000000000000002,0.023
502,0.022000000000000002,0.023
503,0.022000000000000002,0.023
504,0.022000000000000002,0.023
505,0.022000000000000002,0.023
506,0.022000000000000002,0.023
507,0.022000000000000002,0.023
508,0.022000000000000002,0.023
509,0.022000000000000002,0.023
510,0.022000000000000002,0.023
511,0.022000000000000002,0.023
512,0.022000000000000002,0.023
513,0.022000000000000002,0.023
514,0.022000000000000002,0.023
515,0.022000000000000002,0.023
516,0.022000000000000002,0.023
517,0.022000000000000002,0.023
518,0.022000000000000002,0.023
519,0.022000000000000002,0.023
520,0.022000000000000002,0.023
521,0.022000000000000002,0.023
522,0.022000000000000002,0.023
523,0.022000000000000002,0.023
524,0.022000000000000002,0.023
525,0.022000000000000002,0.023
526,0.022000000000000002,0.023
527,0.022000000000000002,0.023
528,0.022000000000000002,0.024
529,0.022000000000000002,0.024
530,0.022000000000000002,0.024
531,0.022000000000000002,0.024
532,0.022000000000000002,0.024
533,0.022000000000000002,0.024
534,0.022000000000000002,0.024
535,0.022000000000000002,0.024
536,0.022000000000000002,0.024
537,0.022000000000000002,0.024
538,0.022000000000000002,0.024
539,0.022000000000000002,0.024
540,0.022000000000000002,0.024
541,0.022000000000000002,0.024
542,0.022000000000000002,0.024
543,0.022000000000000002,0.024
544,0.022000000000000002,0.024
545,0.022000000000000002,0.024
546,0.022000000000000002,0.024
547,0.022000000000000002,0.024
548,0.022000000000000002,0.024
549,0.022000000000000002,0.024
550,0.022000000000000002,0.024
551,0.022000000000000002,0.024
552,0.022000000000000002,0.024
553,0.022000000000000002,0.024
554,0.022000000000000002,0.024
555,0.022000000000000002,0.024
556,0.022000000000000002,0.024
557,0.022000000000000002,0.024
558,0.022000000000000002,0.024
559,0.022000000000000002,0.024
560,0.022000000000000002,0.024
561,0.022000000000000002,0.024
562,0.022000000000000002,0.024
563,0.022000000000000002,0.024
564,0.022000000000000002,0.024
565,0.022000000000000002,0.024
566,0.022000000000000002,0.024
567,0.022000000000000002,0.024
568,0.022000000000000002,0.024
569,0.022000000000000002,0.024
570,0.022000000000000002,0.024
571,0.022000000000000002,0.024
572,0.022000000000000002,0.024
573,0.022000000000000002,0.024
574,0.022000000000000002,0.024
575,0.022000000000000002,0.024
576,0.022000000000000002,0.024
577,0.022000000000000002,0.024
578,0.022000000000000002,0.024
579,0.022000000000000002,0.024
580,0.022000000000000002,0.024
581,0.022000000000000002,0.024
582,0.022000000000000002,0.024
583,0.022000000000000002,0.024
584,0.022000000000000002,0.024
585,0.022000000000000002,0.024
586,0.022000000000000002,0.024
587,0.022000000000000002,0.024
588,0.022000000000000002,0.024
589,0.022000000000000002,0.024
590,0.022000000000000002,0.024
591,0.022000000000000002,0.024
592,0.022000000000000002,0.024
593,0.022000000000000002,0.024
594,0.022000000000000002,0.025
595,0.022000000000000002,0.025
596,0.022000000000000002,0.025
597,0.022000000000000002,0.025
598,0.022000000000000002,0.025
599,0.022000000000000002,0.025
600,0.022000000000000002,0.025
601,0.022000000000000002,0.025
602,0.022000000000000002,0.025
603,0.022000000000000002,0.025
604,0.022000000000000002,0.025
605,0.022000000000000002,0.025
606,0.022000000000000002,0.025
607,0.022000000000000002,0.025
608,0.022000000000000002,0.025
609,0.022000000000000002,0.025
610,0.022000000000000002,0.025
611,0.022000000000000002,0.025
612,0.022000000000000002,0.025
613,0.022000000000000002,0.025
614,0.022000000000000002,0.025
615,0.022000000000000002,0.025
616,0.022000000000000002,0.025
617,0.022000000000000002,0.025
618,0.022000000000000002,0.025
619,0.022000000000000002,0.025
620,0.022000000000000002,0.025
621,0.022000000000000002,0.025
622,0.022000000000000002,0.025
623,0.022000000000000002,0.025
624,0.022000000000000002,0.025
625,0.022000000000000002,0.025
626,0.022000000000000002,0.025
627,0.022000000000000002,0.025
628,0.022000000000000002,0.025
629,0.022000000000000002,0.025
630,0.022000000000000002,0.025
631,0.022000000000000002,0.025
632,0.022000000000000002,0.025
633,0.022000000000000002,0.025
634,0.022000000000000002,0.025
635,0.022000000000000002,0.025
636,0.022000000000000002,0.025
637,0.022000000000000002,0.025
638,0.022000000000000002,0.025
639,0.022000000000000002,0.025
640,0.022000000000000002,0.025
641,0.022000000000000002,0.025
642,0.022000000000000002,0.025
643,0.022000000000000002,0.025
644,0.022000000000000002,0.025
645,0.022000000000000002,0.025
646,0.022000000000000002,0.025
647,0.022000000000000002,0.025
648,0.022000000000000002,0.025
649,0.022000000000000002,0.025
650,0.022000000000000002,0.025
651,0.022000000000000002,0.025
652,0.022000000000000002,0.025
653,0.022000000000000002,0.025
654,0.022000000000000002,0.025
655,0.022000000000000002,0.025
656,0.022000000000000002,0.025
657,0.022000000000000002,0.025
658,0.022000000000000002,0.025
659,0.022000000000000002,0.025
660,0.023,0.021
661,0.023,0.021
662,0.023,0.021
663,0.023,0.021
664,0.023,0.021
665,0.023,0.021
666,0.023,0.021
667,0.023,0.021
668,0.023,0.021
669,0.023,0.021
670,0.023,0.021
671,0.023,0.021
672,0.023,0.021
673,0.023,0.021
674,0.023,0.021
675,0.023,0.021
676,0.023,0.021
677,0.023,0.021
678,0.023,0.021
679,0.023,0.021
680,0.023,0.021
681,0.023,0.021
682,0.023,0.021
683,0.023,0.021
684,0.023,0.021
685,0.023,0.021
686,0.023,0.021
687,0.023,0.021
688,0.023,0.021
689,0.023,0.021
690,0.023,0.021
691,0.023,0.021
692,0.023,0.021
693,0.023,0.021
694,0.023,0.021
695,0.023,0.021
696,0.023,0.021
697,0.023,0.021
698,0.023,0.021
699,0.023,0.021
700,0.023,0.021
701,0.023,0.021
702,0.023,0.021
703,0.023,0.021
704,0.023,0.021
705,0.023,0.021
706,0.023,0.021
707,0.023,0.021
708,0.023,0.021
709,0.023,0.021
710,0.023,0.021
711,0.023,0.021
712,0.023,0.021
713,0.023,0.021
714,0.023,0.021
715,0.023,0.021
716,0.023,0.021
717,0.023,0.021
718,0.023,0.021
719,0.023,0.021
720,0.023,0.021
721,0.023,0.021
722,0.023,0.021
723,0.023,0.021
724,0.023,0.021
725,0.023,0.021
726,0.023,0.022000000000000002
727,0.023,0.022000000000000002
728,0.023,0.022000000000000002
729,0.023,0.022000000000000002
730,0.023,0.022000000000000002
731,0.023,0.022000000000000002
732,0.023,0.022000000000000002
733,0.023,0.022000000000000002
734,0.023,0.022000000000000002
735,0.023,0.022000000000000002
736,0.023,0.022000000000000002
737,0.023,0.022000000000000002
738,0.023,0.022000000000000002
739,0.023,0.022000000000000002
740,0.023,0.022000000000000002
741,0.023,0.022000000000000002
742,0.023,0.022000000000000002
743,0.023,0.022000000000000002
744,0.023,0.022000000000000002
745,0.023,0.022000000000000002
746,0.023,0.022000000000000002
747,0.023,0.022000000000000002
748,0.023,0.022000000000000002
749,0.023,0.022000000000000002
750,0.023,0.022000000000000002
751,0.023,0.022000000000000002
752,0.023,0.022000000000000002
753,0.023,0.022000000000000002
754,0.023,0.022000000000000002
755,0.023,0.022000000000000002
756,0.023,0.022000000000000002
757,0.023,0.022000000000000002
758,0.023,0.022000000000000002
759,0.023,0.022000000000000002
760,0.023,0.022000000000000002
761,0.023,0.022000000000000002
762,0.023,0.022000000000000002
763,0.023,0.022000000000000002
764,0.023,0.022000000000000002
765,0.023,0.022000000000000002
766,0.023,0.022000000000000002
767,0.023,0.022000000000000002
768,0.023,0.022000000000000002
769,0.023,0.022000000000000002
770,0.023,0.022000000000000002
771,0.023,0.022000000000000002
772,0.023,0.022000000000000002
773,0.023,0.022000000000000002
774,0.023,0.022000000000000002
775,0.023,0.022000000000000002
776,0.023,0.022000000000000002
777,0.023,0.022000000000000002
778,0.023,0.022000000000000002
779,0.023,0.022000000000000002
780,0.023,0.022000000000000002
781,0.023,0.022000000000000002
782,0.023,0.022000000000000002
783,0.023,0.022000000000000002
784,0.023,0.022000000000000002
785,0.023,0.022000000000000002
786,0.023,0.022000000000000002
787,0.023,0.022000000000000002
788,0.023,0.022000000000000002
789,0.023,0.022000000000000002
790,0.023,0.022000000000000002
791,0.023,0.022000000000000002
792,0.023,0.023
793,0.023,0.023
794,0.023,0.023
795,0.023,0.023
796,0.023,0.023
797,0.023,0.023
798,0.023,0.023
799,0.023,0.023
800,0.023,0.023
801,0.023,0.023
802,0.023,0.023
803,0.023,0.023
804,0.023,0.023
805,0.023,0.023
806,0.023,0.023
807,0.023,0.023
808,0.023,0.023
809,0.023,0.023
810,0.023,0.023
811,0.023,0.023
812,0.023,0.023
813,0.023,0.023
814,0.023,0.023
815,0.023,0.023
816,0.023,0.023
817,0.023,0.023
818,0.023,0.023
819,0.023,0.023
820,0.023,0.023
821,0.023,0.023
822,0.023,0.023
823,0.023,0.023
824,0.023,0.023
825,0.023,0.023
826,0.023,0.023
827,0.023,0.023
828,0.023,0.023
829,0.023,0.023
830,0.023,0.023
831,0.023,0.023
832,0.023,0.023
833,0.023,0.023
834,0.023,0.023
835,0.023,0.023
836,0.023,0.023
837,0.023,0.023
838,0.023,0.023
839,0.023,0.023
840,0.023,0.023
841,0.023,0.023
842,0.023,0.023
843,0.023,0.023
844,0.023,0.023
845,0.023,0.023
846,0.023,0.023
847,0.023,0.023
848,0.023,0.023
849,0.023,0.023
850,0.023,0.023
851,0.023,0.023
852,0.023,0.023
853,0.023,0.023
854,0.023,0.023
855,0.023,0.023
856,0.023,0.023
857,0.023,0.023
858,0.023,0.024
859,0.023,0.024
860,0.023,0.024
861,0.023,0.024
862,0.023,0.024
863,0.023,0.024
864,0.023,0.024
865,0.023,0.024
866,0.023,0.024
867,0.023,0.024
868,0.023,0.024
869,0.023,0.024
870,0.023,0.024
871,0.023,0.024
872,0.023,0.024
873,0.023,0.024
874,0.023,0.024
875,0.023,0.024
876,0.023,0.024
877,0.023,0.024
878,0.023,0.024
879,0.023,0.024
880,0.023,0.024
881,0.023,0.024
882,0.023,0.024
883,0.023,0.024
884,0.023,0.024
885,0.023,0.024
886,0.023,0.024
887,0.023,0.024
888,0.023,0.024
889,0.023,0.024
890,0.023,0.024
891,0.023,0.024
892,0.023,0.024
893,0.023,0.024
894,0.023,0.024
895,0.023,0.024
896,0.023,0.024
897,0.023,0.024
898,0.023,0.024
899,0.023,0.024
900,0.023,0.024
901,0.023,0.024
902,0.023,0.024
903,0.023,0.024
904,0.023,0.024
905,0.023,0.024
906,0.023,0.024
907,0.023,0.024
908,0.023,0.024
909,0.023,0.024
910,0.023,0.024
911,0.023,0.024
912,0.023,0.024
913,0.023,0.024
914,0.023,0.024
915,0.023,0.024
916,0.023,0.024
917,0.023,0.024
918,0.023,0.024
919,0.023,0.024
920,0.023,0.024
921,0.023,0.024
922,0.023,0.024
923,0.023,0.024
924,0.023,0.025
925,0.023,0.025
926,0.023,0.025
927,0.023,0.025
928,0.023,0.025
929,0.023,0.025
930,0.023,0.025
931,0.023,0.025
932,0.023,0.025
933,0.023,0.025
934,0.023,0.025
935,0.023,0.025
936,0.023,0.025
937,0.023,0.025
938,0.023,0.025
939,0.023,0.025
940,0.023,0.025
941,0.023,0.025
942,0.023,0.025
943,0.023,0.025
944,0.023,0.025
945,0.023,0.025
946,0.023,0.025
947,0.023,0.025
948,0.023,0.025
949,0.023,0.025
950,0.023,0.025
951,0.023,0.025
952,0.023,0.025
953,0.023,0.025
954,0.023,0.025
955,0.023,0.025
956,0.023,0.025
957,0.023,0.025
958,0.023,0.025
959,0.023,0.025
960,0.023,0.025
961,0.023,0.025
962,0.023,0.025
963,0.023,0.025
964,0.023,0.025
965,0.023,0.025
966,0.023,0.025
967,0.023,0.025
968,0.023,0.025
969,0.023,0.025
970,0.023,0.025
971,0.023,0.025
972,0.023,0.025
973,0.023,0.025
974,0.023,0.025
975,0.023,0.025
976,0.023,0.025
977,0.023,0.025
978,0.023,0.025
979,0.023,0.025
980,0.023,0.025
981,0.023,0.025
982,0.023,0.025
983,0.023,0.025
984,0.023,0.025
985,0.023,0.025
986,0.023,0.025
987,0.023,0.025
988,0.023,0.025
989,0.023,0.025
990,0.024,0.021
991,0.024,0.021
992,0.024,0.021
993,0.024,0.021
994,0.024,0.021
995,0.024,0.021
996,0.024,0.021
997,0.024,0.021
998,0.024,0.021
999,0.024,0.021
1000,0.024,0.021
1001,0.024,0.021
1002,0.024,0.021
1003,0.024,0.021
1004,0.024,0.021
1005,0.024,0.021
1006,0.024,0.021
1007,0.024,0.021
1008,0.024,0.021
1009,0.024,0.021
1010,0.024,0.021
1011,0.024,0.021
1012,0.024,0.021
1013,0.024,0.021
1014,0.024,0.021
1015,0.024,0.021
1016,0.024,0.021
1017,0.024,0.021
1018,0.024,0.021
1019,0.024,0.021
1020,0.024,0.021
1021,0.024,0.021
1022,0.024,0.021
1023,0.024,0.021
1024,0.024,0.021
1025,0.024,0.021
1026,0.024,0.021
1027,0.024,0.021
1028,0.024,0.021
1029,0.024,0.021
1030,0.024,0.021
1031,0.024,0.021
1032,0.024,0.021
1033,0.024,0.021
1034,0.024,0.021
1035,0.024,0.021
1036,0.024,0.021
1037,0.024,0.021
1038,0.024,0.021
1039,0.024,0.021
1040,0.024,0.021
1041,0.024,0.021
1042,0.024,0.021
1043,0.024,0.021
1044,0.024,0.021
1045,0.024,0.021
1046,0.024,0.021
1047,0.024,0.021
1048,0.024,0.021
1049,0.024,0.021
1050,0.024,0.021
1051,0.024,0.021
1052,0.024,0.021
1053,0.024,0.021
1054,0.024,0.021
1055,0.024,0.021
1056,0.024,0.022000000000000002
1057,0.024,0.022000000000000002
1058,0.024,0.022000000000000002
1059,0.024,0.022000000000000002
1060,0.024,0.022000000000000002
1061,0.024,0.022000000000000002
1062,0.024,0.022000000000000002
1063,0.024,0.022000000000000002
1064,0.024,0.022000000000000002
1065,0.024,0.022000000000000002
1066,0.024,0.022000000000000002
1067,0.024,0.022000000000000002
1068,0.024,0.022000000000000002
1069,0.024,0.022000000000000002
1070,0.024,0.022000000000000002
1071,0.024,0.022000000000000002
1072,0.024,0.022000000000000002
1073,0.024,0.022000000000000002
1074,0.024,0.022000000000000002
1075,0.024,0.022000000000000002
1076,0.024,0.022000000000000002
1077,0.024,0.022000000000000002
1078,0.024,0.022000000000000002
1079,0.024,0.022000000000000002
1080,0.024,0.022000000000000002
1081,0.024,0.022000000000000002
1082,0.024,0.022000000000000002
1083,0.024,0.022000000000000002
1084,0.024,0.022000000000000002
1085,0.024,0.022000000000000002
1086,0.024,0.022000000000000002
1087,0.024,0.022000000000000002
1088,0.024,0.022000000000000002
1089,0.024,0.022000000000000002
1090,0.024,0.022000000000000002
1091,0.024,0.022000000000000002
1092,0.024,0.022000000000000002
1093,0.024,0.022000000000000002
1094,0.024,0.022000000000000002
1095,0.024,0.022000000000000002
1096,0.024,0.022000000000000002
1097,0.024,0.022000000000000002
1098,0.024,0.022000000000000002
1099,0.024,0.022000000000000002
1100,0.024,0.022000000000000002
1101,0.024,0.022000000000000002
1102,0.024,0.022000000000000002
1103,0.024,0.022000000000000002
1104,0.024,0.022000000000000002
1105,0.024,0.022000000000000002
1106,0.024,0.022000000000000002
1107,0.024,0.022000000000000002
1108,0.024,0.022000000000000002
1109,0.024,0.022000000000000002
1110,0.024,0.022000000000000002
1111,0.024,0.022000000000000002
1112,0.024,0.022000000000000002
1113,0.024,0.022000000000000002
1114,0.024,0.022000000000000002
1115,0.024,0.022000000000000002
1116,0.024,0.022000000000000002
1117,0.024,0.022000000000000002
1118,0.024,0.022000000000000002
1119,0.024,0.022000000000000002
1120,0.024,0.022000000000000002
1121,0.024,0.022000000000000002
1122,0.024,0.023
1123,0.024,0.023
1124,0.024,0.023
1125,0.024,0.023
1126,0.024,0.023
1127,0.024,0.023
1128,0.024,0.023
1129,0.024,0.023
1130,0.024,0.023
1131,0.024,0.023
1132,0.024,0.023
1133,0.024,0.023
1134,0.024,0.023
1135,0.024,0.023
1136,0.024,0.023
1137,0.024,0.023
1138,0.024,0.023
1139,0.024,0.023
1140,0.024,0.023
1141,0.024,0.023
1142,0.024,0.023
1143,0.024,0.023
1144,0.024,0.023
1145,0.024,0.023
1146,0.024,0.023
1147,0.024,0.023
1148,0.024,0.023
1149,0.024,0.023
1150,0.024,0.023
1151,0.024,0.023
1152,0.024,0.023
1153,0.024,0.023
1154,0.024,0.023
1155,0.024,0.023
1156,0.024,0.023
1157,0.024,0.023
1158,0.024,0.023
1159,0.024,0.023
1160,0.024,0.023
1161,0.024,0.023
1162,0.024,0.023
1163,0.024,0.023
1164,0.024,0.023
1165,0.024,0.023
1166,0.024,0.023
1167,0.024,0.023
1168,0.024,0.023
1169,0.024,0.023
1170,0.024,0.023
1171,0.024,0.023
1172,0.024,0.023
1173,0.024,0.023
1174,0.024,0.023
1175,0.024,0.023
1176,0.024,0.023
1177,0.024,0.023
1178,0.024,0.023
1179,0.024,0.023
1180,0.024,0.023
1181,0.024,0.023
1182,0.024,0.023
1183,0.024,0.023
1184,0.024,0.023
1185,0.024,0.023
1186,0.024,0.023
1187,0.024,0.023
1188,0.024,0.024
1189,0.024,0.024
1190,0.024,0.024
1191,0.024,0.024
1192,0.024,0.024
1193,0.024,0.024
1194,0.024,0.024
1195,0.024,0.024
1196,0.024,0.024
1197,0.024,0.024
1198,0.024,0.024
1199,0.024,0.024
1200,0.024,0.024
1201,0.024,0.024
1202,0.024,0.024
1203,0.024,0.024
1204,0.024,0.024
1205,0.024,0.024
1206,0.024,0.024
1207,0.024,0.024
1208,0.024,0.024
1209,0.024,0.024
1210,0.024,0.024
1211,0.024,0.024
1212,0.024,0.024
1213,0.024,0.024
1214,0.024,0.024
1215,0.024,0.024
1216,0.024,0.024
1217,0.024,0.024
1218,0.024,0.024
1219,0.024,0.024
1220,0.024,0.024
1221,0.024,0.024
1222,0.024,0.024
1223,0.024,0.024
1224,0.024,0.024
1225,0.024,0.024
1226,0.024,0.024
1227,0.024,0.024
1228,0.024,0.024
1229,0.024,0.024
1230,0.024,0.024
1231,0.024,0.024
1232,0.024,0.024
1233,0.024,0.024
1234,0.024,0.024
1235,0.024,0.024
1236,0.024,0.024
1237,0.024,0.024
1238,0.024,0.024
1239,0.024,0.024
1240,0.024,0.024
1241,0.024,0.024
1242,0.024,0.024
1243,0.024,0.024
1244,0.024,0.024
1245,0.024,0.024
1246,0.024,0.024
1247,0.024,0.024
1248,0.024,0.024
1249,0.024,0.024
1250,0.024,0.024
1251,0.024,0.024
1252,0.024,0.024
1253,0.024,0.024
1254,0.024,0.025
1255,0.024,0.025
1256,0.024,0.025
1257,0.024,0.025
1258,0.024,0.025
1259,0.024,0.025
1260,0.024,0.025
1261,0.024,0.025
1262,0.024,0.025
1263,0.024,0.025
1264,0.024,0.025
1265,0.024,0.025
1266,0.024,0.025
1267,0.024,0.025
1268,0.024,0.025
1269,0.024,0.025
1270,0.024,0.025
1271,0.024,0.025
1272,0.024,0.025
1273,0.024,0.025
1274,0.024,0.025
1275,0.024,0.025
1276,0.024,0.025
1277,0.024,0.025
1278,0.024,0.025
1279,0.024,0.025
1280,0.024,0.025
1281,0.024,0.025
1282,0.024,0.025
1283,0.024,0.025
1284,0.024,0.025
1285,0.024,0.025
1286,0.024,0.025
1287,0.024,0.025
1288,0.024,0.025
1289,0.024,0.025
1290,0.024,0.025
1291,0.024,0.025
1292,0.024,0.025
1293,0.024,0.025
1294,0.024,0.025
1295,0.024,0.025
1296,0.024,0.025
1297,0.024,0.025
1298,0.024,0.025
1299,0.024,0.025
1300,0.024,0.025
1301,0.024,0.025
1302,0.024,0.025
1303,0.024,0.025
1304,0.024,0.025
1305,0.024,0.025
1306,0.024,0.025
1307,0.024,0.025
1308,0.024,0.025
1309,0.024,0.025
1310,0.024,0.025
1311,0.024,0.025
1312,0.024,0.025
1313,0.024,0.025
1314,0.024,0.025
1315,0.024,0.025
1316,0.024,0.025
1317,0.024,0.025
1318,0.024,0.025
1319,0.024,0.025
1320,0.025,0.021
1321,0.025,0.021
1322,0.025,0.021
1323,0.025,0.021
1324,0.025,0.021
1325,0.025,0.021
1326,0.025,0.021
1327,0.025,0.021
1328,0.025,0.021
1329,0.025,0.021
1330,0.025,0.021
1331,0.025,0.021
1332,0.025,0.021
1333,0.025,0.021
1334,0.025,0.021
1335,0.025,0.021
1336,0.025,0.021
1337,0.025,0.021
1338,0.025,0.021
1339,0.025,0.021
1340,0.025,0.021
1341,0.025,0.021
1342,0.025,0.021
1343,0.025,0.021
1344,0.025,0.021
1345,0.025,0.021
1346,0.025,0.021
1347,0.025,0.021
1348,0.025,0.021
1349,0.025,0.021
1350,0.025,0.021
1351,0.025,0.021
1352,0.025,0.021
1353,0.025,0.021
1354,0.025,0.021
1355,0.025,0.021
1356,0.025,0.021
1357,0.025,0.021
1358,0.025,0.021
1359,0.025,0.021
1360,0.025,0.021
1361,0.025,0.021
1362,0.025,0.021
1363,0.025,0.021
1364,0.025,0.021
1365,0.025,0.021
1366,0.025,0.021
1367,0.025,0.021
1368,0.025,0.021
1369,0.025,0.021
1370,0.025,0.021
1371,0.025,0.021
1372,0.025,0.021
1373,0.025,0.021
1374,0.025,0.021
1375,0.025,0.021
1376,0.025,0.021
1377,0.025,0.021
1378,0.025,0.021
1379,0.025,0.021
1380,0.025,0.021
1381,0.025,0.021
1382,0.025,0.021
1383,0.025,0.021
1384,0.025,0.021
1385,0.025,0.021
1386,0.025,0.022000000000000002
1387,0.025,0.022000000000000002
1388,0.025,0.022000000000000002
1389,0.025,0.022000000000000002
1390,0.025,0.022000000000000002
1391,0.025,0.022000000000000002
1392,0.025,0.022000000000000002
1393,0.025,0.022000000000000002
1394,0.025,0.022000000000000002
1395,0.025,0.022000000000000002
1396,0.025,0.022000000000000002
1397,0.025,0.022000000000000002
1398,0.025,0.022000000000000002
1399,0.025,0.022000000000000002
1400,0.025,0.022000000000000002
1401,0.025,0.022000000000000002
1402,0.025,0.022000000000000002
1403,0.025,0.022000000000000002
1404,0.025,0.022000000000000002
1405,0.025,0.022000000000000002
1406,0.025,0.022000000000000002
1407,0.025,0.022000000000000002
1408,0.025,0.022000000000000002
1409,0.025,0.022000000000000002
1410,0.025,0.022000000000000002
1411,0.025,0.022000000000000002
1412,0.025,0.022000000000000002
1413,0.025,0.022000000000000002
1414,0.025,0.022000000000000002
1415,0.025,0.022000000000000002
1416,0.025,0.022000000000000002
1417,0.025,0.022000000000000002
1418,0.025,0.022000000000000002
1419,0.025,0.022000000000000002
1420,0.025,0.022000000000000002
1421,0.025,0.022000000000000002
1422,0.025,0.022000000000000002
1423,0.025,0.022000000000000002
1424,0.025,0.022000000000000002
1425,0.025,0.022000000000000002
1426,0.025,0.022000000000000002
1427,0.025,0.022000000000000002
1428,0.025,0.022000000000000002
1429,0.025,0.022000000000000002
1430,0.025,0.022000000000000002
1431,0.025,0.022000000000000002
1432,0.025,0.022000000000000002
1433,0.025,0.022000000000000002
1434,0.025,0.022000000000000002
1435,0.025,0.022000000000000002
1436,0.025,0.022000000000000002
1437,0.025,0.022000000000000002
1438,0.025,0.022000000000000002
1439,0.025,0.022000000000000002
1440,0.025,0.022000000000000002
1441,0.025,0.022000000000000002
1442,0.025,0.022000000000000002
1443,0.025,0.022000000000000002
1444,0.025,0.022000000000000002
1445,0.025,0.022000000000000002
1446,0.025,0.022000000000000002
1447,0.025,0.022000000000000002
1448,0.025,0.022000000000000002
1449,0.025,0.022000000000000002
1450,0.025,0.022000000000000002
1451,0.025,0.022000000000000002
1452,0.025,0.023
1453,0.025,0.023
1454,0.025,0.023
1455,0.025,0.023
1456,0.025,0.023
1457,0.025,0.023
1458,0.025,0.023
1459,0.025,0.023
1460,0.025,0.023
1461,0.025,0.023
1462,0.025,0.023
1463,0.025,0.023
1464,0.025,0.023
1465,0.025,0.023
1466,0.025,0.023
1467,0.025,0.023
1468,0.025,0.023
1469,0.025,0.023
1470,0.025,0.023
1471,0.025,0.023
1472,0.025,0.023
1473,0.025,0.023
1474,0.025,0.023
1475,0.025,0.023
1476,0.025,0.023
1477,0.025,0.023
1478,0.025,0.023
1479,0.025,0.023
1480,0.025,0.023
1481,0.025,0.023
1482,0.025,0.023
1483,0.025,0.023
1484,0.025,0.023
1485,0.025,0.023
1486,0.025,0.023
1487,0.025,0.023
1488,0.025,0.023
1489,0.025,0.023
1490,0.025,0.023
1491,0.025,0.023
1492,0.025,0.023
1493,0.025,0.023
1494,0.025,0.023
1495,0.025,0.023
1496,0.025,0.023
1497,0.025,0.023
1498,0.025,0.023
1499,0.025,0.023
1500,0.025,0.023
1501,0.025,0.023
1502,0.025,0.023
1503,0.025,0.023
1504,0.025,0.023
1505,0.025,0.023
1506,0.025,0.023
1507,0.025,0.023
1508,0.025,0.023
1509,0.025,0.023
1510,0.025,0.023
1511,0.025,0.023
1512,0.025,0.023
1513,0.025,0.023
1514,0.025,0.023
1515,0.025,0.023
1516,0.025,0.023
1517,0.025,0.023
1518,0.025,0.024
1519,0.025,0.024
1520,0.025,0.024
1521,0.025,0.024
1522,0.025,0.024
1523,0.025,0.024
1524,0.025,0.024
1525,0.025,0.024
1526,0.025,0.024
1527,0.025,0.024
1528,0.025,0.024
1529,0.025,0.024
1530,0.025,0.024
1531,0.025,0.024
1532,0.025,0.024
1533,0.025,0.024
1534,0.025,0.024
1535,0.025,0.024
1536,0.025,0.024
1537,0.025,0.024
1538,0.025,0.024
1539,0.025,0.024
1540,0.025,0.024
1541,0.025,0.024
1542,0.025,0.024
1543,0.025,0.024
1544,0.025,0.024
1545,0.025,0.024
1546,0.025,0.024
1547,0.025,0.024
1548,0.025,0.024
1549,0.025,0.024
1550,0.025,0.024
1551,0.025,0.024
1552,0.025,0.024
1553,0.025,0.024
1554,0.025,0.024
1555,0.025,0.024
1556,0.025,0.024
1557,0.025,0.024
1558,0.025,0.024
1559,0.025,0.024
1560,0.025,0.024
1561,0.025,0.024
1562,0.025,0.024
1563,0.025,0.024
1564,0.025,0.024
1565,0.025,0.024
1566,0.025,0.024
1567,0.025,0.024
1568,0.025,0.024
1569,0.025,0.024
1570,0.025,0.024
1571,0.025,0.024
1572,0.025,0.024
1573,0.025,0.024
1574,0.025,0.024
1575,0.025,0.024
1576,0.025,0.024
1577,0.025,0.024
1578,0.025,0.024
1579,0.025,0.024
1580,0.025,0.024
1581,0.025,0.024
1582,0.025,0.024
1583,0.025,0.024
1584,0.025,0.025
1585,0.025,0.025
1586,0.025,0.025
1587,0.025,0.025
1588,0.025,0.025
1589,0.025,0.025
1590,0.025,0.025
1591,0.025,0.025
1592,0.025,0.025
1593,0.025,0.025
1594,0.025,0.025
1595,0.025,0.025
1596,0.025,0.025
1597,0.025,0.025
1598,0.025,0.025
1599,0.025,0.025
1600,0.025,0.025
1601,0.025,0.025
1602,0.025,0.025
1603,0.025,0.025
1604,0.025,0.025
1605,0.025,0.025
1606,0.025,0.025
1607,0.025,0.025
1608,0.025,0.025
1609,0.025,0.025
1610,0.025,0.025
1611,0.025,0.025
1612,0.025,0.025
1613,0.025,0.025
1614,0.025,0.025
1615,0.025,0.025
1616,0.025,0.025
1617,0.025,0.025
1618,0.025,0.025
1619,0.025,0.025
1620,0.025,0.025
1621,0.025,0.025
1622,0.025,0.025
1623,0.025,0.025
1624,0.025,0.025
1625,0.025,0.025
1626,0.025,0.025
1627,0.025,0.025
1628,0.025,0.025
1629,0.025,0.025
1630,0.025,0.025
1631,0.025,0.025
1632,0.025,0.025
1633,0.025,0.025
1634,0.025,0.025
1635,0.025,0.025
1636,0.025,0.025
1637,0.025,0.025
1638,0.025,0.025
1639,0.025,0.025
1640,0.025,0.025
1641,0.025,0.025
1642,0.025,0.025
1643,0.025,0.025
1644,0.025,0.025
1645,0.025,0.025
1646,0.025,0.025
1647,0.025,0.025
1648,0.025,0.025
1649,0.025,0.025
