,3.00E-06,3.00E-06,3.00E-06,3.00E-06,3.00E-06,3.00E-06,3.00E-06,3.00E-06,3.00E-06,3.00E-06,3.00E-06,3.00E-06,3.00E-06,3.00E-06,3.00E-06,3.00E-06,3.00E-06,3.00E-06,3.00E-06,3.00E-06,3.00E-06,3.00E-06,3.00E-06,3.00E-06,3.00E-06,3.00E-06,3.00E-06,3.00E-06,3.00E-06,3.00E-06,3.00E-06,3.00E-06,3.00E-06,3.00E-06,3.00E-06,3.00E-06,3.00E-06,3.00E-06,3.00E-06,3.00E-06,3.00E-06,3.00E-06,3.00E-06,3.00E-06,3.00E-06,3.00E-06,3.00E-06,3.00E-06,3.00E-06,3.00E-06,3.00E-06,3.00E-06,3.00E-06,3.00E-06,3.00E-06,3.00E-06,3.00E-06,3.00E-06,3.00E-06,3.00E-06,3.00E-06,3.00E-06,3.00E-06,3.00E-06,3.00E-06,3.00E-06,3.00E-06,3.00E-06,3.00E-06,3.00E-06,3.00E-06,3.00E-06,3.00E-06,3.00E-06,3.00E-06,3.00E-06,3.00E-06,3.00E-06,3.00E-06,3.00E-06,3.00E-06,3.00E-06,3.00E-06,3.00E-06,3.00E-06,3.00E-06,3.00E-06,3.00E-06,3.00E-06,3.00E-06,3.00E-06,3.00E-06,3.00E-06,3.00E-06,3.00E-06,3.00E-06,3.00E-06,3.00E-06,3.00E-06,3.00E-06,3.00E-06,3.00E-06,3.00E-06,3.00E-06,3.00E-06,3.00E-06,3.00E-06,3.00E-06,3.00E-06,3.00E-06,3.00E-06,3.00E-06,3.00E-06,3.00E-06,3.00E-06,3.00E-06,3.00E-06,3.00E-06,3.00E-06,3.00E-06,3.00E-06,3.00E-06,3.00E-06,3.00E-06,3.00E-06,3.00E-06,3.00E-06,3.00E-06,3.00E-06,3.00E-06,3.00E-06,3.00E-06,3.00E-06,3.00E-06,3.00E-06,3.00E-06,3.00E-06,3.00E-06,3.00E-06,3.00E-06,3.00E-06,3.00E-06,3.00E-06,3.00E-06,3.00E-06,3.00E-06,3.00E-06,3.00E-06,3.00E-06,3.00E-06,3.00E-06,3.00E-06,3.00E-06,3.00E-06,3.00E-06,3.00E-06,3.00E-06,3.00E-06,3.00E-06,3.00E-06,3.00E-06,3.00E-06,3.00E-06,3.00E-06,3.00E-06,3.00E-06,3.00E-06,3.00E-06,3.00E-06,3.00E-06,3.00E-06,3.00E-06,3.00E-06,3.00E-06,3.00E-06,3.00E-06,3.00E-06,3.00E-06,3.00E-06,3.00E-06,3.00E-06,3.00E-06,3.00E-06,3.00E-06,3.00E-06,3.00E-06,3.00E-06,3.00E-06,3.00E-06,3.00E-06,3.00E-06,3.00E-06,3.00E-06,3.00E-06,3.00E-06,3.00E-06,3.00E-06,3.00E-06,3.00E-06,3.00E-06,3.00E-06,3.00E-06,3.00E-06,3.00E-06,3.00E-06,3.00E-06,3.00E-06,3.00E-06,3.00E-06,3.00E-06,3.00E-06,3.00E-06,3.00E-06,3.00E-06,3.00E-06,3.00E-06,3.00E-06,3.00E-06,3.00E-06,3.00E-06,3.00E-06,3.00E-06,3.00E-06,3.00E-06,3.00E-06,3.00E-06,3.00E-06,3.00E-06,3.00E-06,3.00E-06,3.00E-06,3.00E-06,3.00E-06,3.00E-06,3.00E-06,3.00E-06,3.00E-06,3.00E-06,3.00E-06,3.00E-06,3.00E-06,3.00E-06,3.00E-06,3.00E-06,3.00E-06,3.00E-06,3.00E-06,3.00E-06,3.00E-06,3.00E-06,3.00E-06,3.00E-06,3.00E-06,3.00E-06,3.00E-06,3.00E-06,3.00E-06,3.00E-06,3.00E-06,3.00E-06,3.00E-06,3.00E-06,3.00E-06,3.00E-06,3.00E-06,3.00E-06,3.00E-06,3.00E-06,3.00E-06,3.00E-06,3.00E-06,3.00E-06,3.00E-06,3.00E-06,3.00E-06,3.00E-06,3.00E-06,3.00E-06,3.00E-06,3.00E-06,3.00E-06,3.00E-06,3.00E-06,3.00E-06,3.00E-06,3.00E-06,3.00E-06,3.00E-06,3.00E-06,3.00E-06,3.00E-06,3.00E-06,3.00E-06,3.00E-06,3.00E-06,3.00E-06,3.00E-06,3.00E-06,3.00E-06,3.00E-06,3.00E-06,3.00E-06,3.00E-06,3.00E-06,3.00E-06,3.00E-06,3.00E-06,3.00E-06,3.00E-06,3.00E-06,3.00E-06,3.00E-06,3.00E-06,3.00E-06,3.00E-06,3.00E-06,3.00E-06,3.00E-06,3.00E-06,3.00E-06,3.00E-06,3.00E-06,3.00E-06,3.00E-06,3.00E-06,3.00E-06,3.00E-06,3.00E-06,3.00E-06,3.00E-06,3.00E-06,3.00E-06,3.00E-06,3.00E-06,3.00E-06,3.00E-06,3.00E-06,3.00E-06,3.00E-06,3.00E-06,3.00E-06,3.00E-06,3.00E-06,3.00E-06,3.00E-06,3.00E-06,3.00E-06,3.00E-06,3.00E-06,3.00E-06,3.00E-06,3.00E-06,3.00E-06,3.00E-06,3.00E-06,3.00E-06,3.00E-06,3.00E-06,3.00E-06,3.00E-06,3.00E-06,3.00E-06,3.00E-06,3.00E-06,3.00E-06,3.00E-06,3.00E-06,3.00E-06,3.00E-06,3.00E-06,3.00E-06,3.00E-06,3.00E-06,3.00E-06,3.00E-06,3.00E-06,3.00E-06,3.00E-06,3.00E-06,3.00E-06,3.00E-06,3.00E-06,3.00E-06,3.00E-06,3.00E-06,3.00E-06,3.00E-06,3.00E-06,3.00E-06,3.00E-06,3.00E-06,3.00E-06,3.00E-06,3.00E-06,3.00E-06,3.00E-06,3.00E-06,3.00E-06,3.00E-06,3.00E-06,3.00E-06,3.00E-06,3.00E-06,3.00E-06,3.00E-06,3.00E-06,3.00E-06,3.00E-06,3.00E-06,3.00E-06,3.00E-06,3.00E-06,3.00E-06,3.00E-06,3.00E-06,3.00E-06,3.00E-06,3.00E-06,3.00E-06,3.00E-06,3.00E-06,3.00E-06,3.00E-06,3.00E-06,3.00E-06,3.00E-06,3.00E-06,3.00E-06,3.00E-06,3.00E-06,3.00E-06,3.00E-06,3.00E-06,3.00E-06,3.00E-06,3.00E-06,3.00E-06,3.00E-06,3.00E-06,3.00E-06,3.00E-06,3.00E-06,3.00E-06,3.00E-06,3.00E-06,3.00E-06,3.00E-06,3.00E-06,3.00E-06,3.00E-06,3.00E-06,3.00E-06,3.00E-06,3.00E-06,3.00E-06,3.00E-06,3.00E-06,3.00E-06,3.00E-06,3.00E-06,3.00E-06,3.00E-06,3.00E-06,3.00E-06,3.00E-06,3.00E-06,3.00E-06,3.00E-06,3.00E-06,3.00E-06,3.00E-06,3.00E-06,3.00E-06,3.00E-06,3.00E-06,3.00E-06,3.00E-06,3.00E-06,3.00E-06,3.00E-06,3.00E-06,3.00E-06,3.00E-06,3.00E-06,3.00E-06,3.00E-06,3.00E-06,3.00E-06,3.00E-06,3.00E-06,3.00E-06,3.00E-06,3.00E-06,3.00E-06,3.00E-06,3.00E-06,3.00E-06,3.00E-06,3.00E-06,3.00E-06,3.00E-06,3.00E-06,3.00E-06,3.00E-06,3.00E-06,3.00E-06,3.00E-06,3.00E-06,3.00E-06,3.00E-06,3.00E-06,3.00E-06,3.00E-06,3.00E-06,3.00E-06,3.00E-06,3.00E-06,3.00E-06,3.00E-06,3.00E-06,3.00E-06,3.00E-06,3.00E-06,3.00E-06,3.00E-06,3.00E-06,3.00E-06,3.00E-06,3.00E-06,3.00E-06,3.00E-06,3.00E-06,3.00E-06,3.00E-06,3.00E-06,3.00E-06,3.00E-06,3.00E-06,3.00E-06,3.00E-06,3.00E-06,3.00E-06,3.00E-06,3.00E-06,3.00E-06,3.00E-06,3.00E-06,3.00E-06,3.00E-06,3.00E-06,3.00E-06,3.00E-06,3.00E-06,3.00E-06,3.00E-06,3.00E-06,3.00E-06,3.00E-06,3.00E-06,3.00E-06,3.00E-06,3.00E-06,3.00E-06,3.00E-06,3.00E-06,3.00E-06,3.00E-06,3.00E-06,3.00E-06,3.00E-06,3.00E-06,3.00E-06,3.00E-06,3.00E-06,3.00E-06,3.00E-06,3.00E-06,3.00E-06,3.00E-06,3.00E-06,3.00E-06,3.00E-06,3.00E-06,3.00E-06,3.00E-06,3.00E-06,3.00E-06,3.00E-06,3.00E-06,3.00E-06,3.00E-06,3.00E-06,3.00E-06,3.00E-06,3.00E-06,3.00E-06,3.00E-06,3.00E-06,3.00E-06,3.00E-06,3.00E-06,3.00E-06,3.00E-06,3.00E-06,3.00E-06,3.00E-06,3.00E-06,3.00E-06,3.00E-06,3.00E-06,3.00E-06,3.00E-06,3.00E-06,3.00E-06,3.00E-06,3.00E-06
24.3,149,337,427,937,214,852,856,321,673,1272,217,212,555,766,797,49,764,32,709,118,660,804,772,790,769,752,280,354,1077,1994,1517,37,948,431,1140,615,246,1517,374,363,889,448,295,212,1092,2656,1372,1370,2056,1320,1183,1098,4265,1321,498,901,195,593,240,308,1394,793,2054,163,1243,43,871,29,260,920,1412,1320,548,2178,1081,105,821,795,909,480,2446,1846,1842,666,247,183,256,739,105,30,64,723,1848,1116,221,980,1162,1970,883,784,718,851,507,2320,306,735,1413,1540,289,89,177,528,501,529,215,837,1173,1859,820,1045,3663,1125,364,1602,889,2509,1085,369,893,1374,174,303,745,273,1508,53,931,116,1327,139,1314,469,1864,624,736,1633,996,1330,335,333,1460,404,990,199,384,900,658,1528,2073,1406,790,302,2206,2690,438,1240,588,1281,431,181,1238,749,567,104,294,894,421,183,314,312,351,3417,1090,1252,472,346,48,1388,2024,1053,831,2037,1318,1246,1315,2969,686,391,782,1009,95,41,3025,2330,690,235,421,39,1189,510,932,559,761,2293,1795,70,1915,653,1545,777,636,152,200,547,1420,1830,1602,593,526,1339,2394,906,570,864,2044,369,1327,565,701,282,1235,533,763,1295,240,322,1098,1162,2445,2233,1546,499,944,860,1472,612,733,526,856,944,382,1662,491,2464,249,1719,93,2077,937,1625,322,1022,1158,1737,989,429,1748,1325,1350,731,1364,406,543,361,560,559,693,1758,504,253,679,960,743,454,1885,935,581,1648,1197,219,645,1687,1868,238,618,487,790,276,,,,,,,,,,,,,,,,,,,,,,,,,,,,,,,,,,,,,,,,,,,,,,,,,,,,,,,,,,,,,,,,,,,,,,,,,,,,,,,,,,,,,,,,,,,,,,,,,,,,,,,,,,,,,,,,,,,,,,,,,,,,,,,,,,,,,,,,,,,,,,,,,,,,,,,,,,,,,,,,,,,,,,,,,,,,,,,,,,,,,,,,,,,,,,,,,,,,,,,,,,,,,,,,,,,,,,,,,,,,,,,,,,,,,,,,,,,,,,,,,,,,,,,,,,,,,,,,,,,,,,,,,,,,,,,,,,,,,,,,,,,,,,,,,,,,,,,,,,,,,,,,,,,,
24.7,,,,,,,,,,,,,,,,,,,,,,,,,,,,,,,,,,,,,,,,,,,,,,,,,,,,,,,,,,,,,,,,,,,,,,,,,,,,,,,,,,,,,,,,,,,,,,,,,,,,,,,,,,,,,,,,,,,,,,,,,,,,,,,,,,,,,,,,,,,,,,,,,,,,,,,,,,,,,,,,,,,,,,,,,,,,,,,,,,,,,,,,,,,,,,,,,,,,,,,,,,,,,,,,,,,,,,,,,,,,,,,,,,,,,,,,,,,,,,,,,,,,,,,,,,,,,,,,,,,,,,,,,,,,,,,,,,,,,,,,,,,,,,,,,,,,,,,,,,,,,,,,,,,,,275,313,905,1133,799,14,191,552,189,326,267,354,201,1094,423,175,854,337,2979,160,576,648,594,29,1923,1096,404,512,826,534,2302,1384,94,1353,44,295,39,1804,3906,1488,1144,605,537,146,965,235,736,137,951,449,1714,1731,129,2558,1152,1207,771,2298,444,735,529,466,638,264,163,1336,94,64,159,432,477,1837,834,1683,33,194,509,1628,1173,206,1012,287,13,640,19,1377,518,483,818,860,81,198,180,1684,743,330,399,349,75,268,2592,235,1075,1064,445,380,200,1179,942,422,204,1861,1196,1036,409,1775,982,861,291,641,1091,480,2024,1725,2050,2021,443,128,992,1436,833,483,49,347,600,34,1979,665,510,448,1864,1226,413,19,2292,2441,1098,255,388,657,2336,714,94,84,634,273,1378,771,517,3581,1399,140,866,934,23,1619,710,401,43,313,617,1075,128,937,572,158,675,932,391,243,467,473,206,264,451,143,830,1856,1009,2332,177,151,1436,535,342,745,983,459,1462,908,584,857,114,28,2146,522,513,822,1216,1134,460,164,552,996,11,55,1890,568,530,2259,135,1388,2061,206,1365,40,1940,858,922,1018,400,1321,776,125,622,214,1029,1097,1065,1498,1987,1076,198,200,1199,858,223,398,848,505,1637,1848,366,1203,893,800,1303,1030,2000,718,1465,1124,725,884,597,967,226,194,307,39,448,1621,3243,1071,2069,951,534,283,798,2141,1385,624,59,1252,1825,1108,347,483,339,826,1294,1104,1581,2871,623,933,1396,737,1130,1550,1117,746,2299,1132,1260,885,1647,2285
32.6,150,416,549,1130,266,1102,986,356,846,1516,297,267,726,907,1043,50,987,33,836,145,699,979,948,940,871,960,327,416,1430,2253,1794,37,1081,524,1339,778,306,1833,442,439,1116,519,355,262,1331,2816,1565,1505,2442,1577,1315,1414,5404,1572,554,1076,245,743,267,365,1537,918,2425,203,1563,55,1067,27,340,1060,1737,1634,722,2718,1270,131,1031,1008,1023,595,2906,2129,2276,783,328,192,313,936,146,37,75,975,2190,1382,301,1139,1308,2293,1054,941,927,920,739,2641,387,875,1656,1825,326,102,250,643,617,651,273,1009,1370,2178,979,1312,4413,1345,427,1823,1092,2940,1304,444,1125,1224,184,334,955,349,1929,62,1130,143,1592,168,1459,556,2226,733,971,1963,1234,1402,448,408,1710,482,1166,226,428,1089,800,1939,2375,1639,932,395,1917,2838,533,1409,775,1522,532,238,1497,997,722,130,338,1068,560,209,390,537,441,3893,1311,1156,583,385,52,1673,2541,1229,964,2410,1560,1362,1539,3350,837,462,951,1240,115,44,3663,2772,868,293,559,42,1472,623,1209,656,880,2666,2272,98,2138,838,1813,905,742,186,238,724,1697,2151,1715,746,680,1490,3074,963,680,1086,2257,469,1582,692,827,365,1543,643,920,1537,362,400,1512,1591,2632,2438,1860,624,1082,1031,1665,712,894,650,995,1133,466,1940,593,2669,319,2003,112,2606,1101,1818,408,1256,1389,2080,1176,546,2157,1617,1553,838,1552,554,671,420,649,664,861,1961,606,332,750,1124,848,540,2133,1018,665,1910,1365,241,766,1960,2209,248,791,641,916,345,,,,,,,,,,,,,,,,,,,,,,,,,,,,,,,,,,,,,,,,,,,,,,,,,,,,,,,,,,,,,,,,,,,,,,,,,,,,,,,,,,,,,,,,,,,,,,,,,,,,,,,,,,,,,,,,,,,,,,,,,,,,,,,,,,,,,,,,,,,,,,,,,,,,,,,,,,,,,,,,,,,,,,,,,,,,,,,,,,,,,,,,,,,,,,,,,,,,,,,,,,,,,,,,,,,,,,,,,,,,,,,,,,,,,,,,,,,,,,,,,,,,,,,,,,,,,,,,,,,,,,,,,,,,,,,,,,,,,,,,,,,,,,,,,,,,,,,,,,,,,,,,,,,,
33,,,,,,,,,,,,,,,,,,,,,,,,,,,,,,,,,,,,,,,,,,,,,,,,,,,,,,,,,,,,,,,,,,,,,,,,,,,,,,,,,,,,,,,,,,,,,,,,,,,,,,,,,,,,,,,,,,,,,,,,,,,,,,,,,,,,,,,,,,,,,,,,,,,,,,,,,,,,,,,,,,,,,,,,,,,,,,,,,,,,,,,,,,,,,,,,,,,,,,,,,,,,,,,,,,,,,,,,,,,,,,,,,,,,,,,,,,,,,,,,,,,,,,,,,,,,,,,,,,,,,,,,,,,,,,,,,,,,,,,,,,,,,,,,,,,,,,,,,,,,,,,,,,,,,325,344,1047,1358,963,18,240,669,242,363,316,381,238,1319,550,220,1065,416,3379,207,702,844,692,30,2080,1270,472,644,985,612,2693,1626,127,1545,46,349,43,2161,4287,1757,1289,681,678,166,1241,244,890,219,1170,530,2037,1958,138,2972,1397,1426,917,2545,589,954,641,541,851,335,200,1643,110,91,194,575,533,2171,1133,1886,44,230,610,2012,1474,250,1206,385,14,788,23,1695,681,598,953,1042,94,194,240,1982,845,379,560,393,72,322,3289,314,954,1389,587,420,265,1377,1177,502,272,2153,1583,1298,465,2015,1266,993,394,743,1328,554,2537,2159,2695,2411,545,163,1217,1607,1077,674,56,415,770,33,2387,769,621,540,2151,1391,580,16,2537,3011,1159,304,505,788,2874,898,109,98,758,271,1669,963,629,4143,1543,159,1038,1108,42,2153,870,504,44,393,697,1436,177,1106,712,202,898,1030,494,349,627,592,261,365,547,191,1012,2087,1264,2940,276,210,1662,632,401,908,1240,577,1700,1126,781,1072,143,36,2350,654,635,970,1507,1344,547,214,747,1166,13,75,2128,732,698,2628,172,1662,2397,270,1660,57,2199,1029,1056,1327,479,1711,844,144,715,306,1294,1309,1336,1949,2281,1277,221,286,1456,1039,322,472,1001,629,1839,2114,451,1421,1123,922,1473,1195,2273,879,1758,1426,947,1112,676,1153,271,246,374,35,558,1945,3649,1146,2461,1078,597,355,1021,2554,1444,770,70,1495,2226,1348,415,581,420,1069,1617,1211,1895,3211,709,1158,1635,863,1365,1852,1261,833,2650,1351,1455,1068,1923,2684
40.5,184,481,636,1240,278,1202,1112,388,1006,1714,368,305,820,998,1137,56,1098,26,936,177,838,1072,1072,1050,1039,1068,377,494,1596,2324,1923,32,1191,591,1516,883,346,2038,509,484,1254,576,419,293,1401,2996,1860,1729,2571,1680,1417,1492,5288,1718,612,1214,336,922,315,449,1713,1096,2664,252,1720,54,1203,32,409,1290,1889,1770,827,2750,1514,197,1253,1149,1236,700,3135,2198,2422,845,403,221,387,1051,177,39,91,1094,2443,1528,334,1316,1501,2533,1238,1053,1111,1009,847,2687,392,979,1849,2044,414,127,306,725,738,806,323,1185,1453,2353,1126,1516,4484,1508,547,2060,1252,3104,1478,527,1255,1369,236,407,1106,416,2157,85,1322,174,1747,189,1600,634,2374,851,1060,2140,1381,1596,540,478,1935,623,1313,255,507,1300,985,2054,2504,1789,1096,443,1969,3178,598,1510,996,1687,629,266,1724,1171,843,173,410,1222,612,244,499,571,557,4022,1489,1233,679,469,61,1874,2677,1266,1024,2587,1670,1488,1711,3540,936,553,1053,1371,127,63,3916,2933,1002,318,640,69,1699,712,1377,738,1001,2697,2454,114,2263,981,2138,1032,835,225,265,919,1915,2279,1700,885,756,1768,3103,1034,799,1219,2398,483,1742,793,931,439,1764,733,1042,1611,427,519,1636,1695,2678,2516,2135,696,1246,1090,1845,846,1023,800,1147,1326,584,2040,679,2866,353,2200,139,2844,1299,1913,474,1405,1563,2254,1315,622,2385,1794,1717,986,1592,656,709,506,784,748,993,2075,693,401,885,1246,953,639,2310,1038,792,2053,1525,294,850,2059,2379,265,858,720,1036,385,,,,,,,,,,,,,,,,,,,,,,,,,,,,,,,,,,,,,,,,,,,,,,,,,,,,,,,,,,,,,,,,,,,,,,,,,,,,,,,,,,,,,,,,,,,,,,,,,,,,,,,,,,,,,,,,,,,,,,,,,,,,,,,,,,,,,,,,,,,,,,,,,,,,,,,,,,,,,,,,,,,,,,,,,,,,,,,,,,,,,,,,,,,,,,,,,,,,,,,,,,,,,,,,,,,,,,,,,,,,,,,,,,,,,,,,,,,,,,,,,,,,,,,,,,,,,,,,,,,,,,,,,,,,,,,,,,,,,,,,,,,,,,,,,,,,,,,,,,,,,,,,,,,,
40.9,,,,,,,,,,,,,,,,,,,,,,,,,,,,,,,,,,,,,,,,,,,,,,,,,,,,,,,,,,,,,,,,,,,,,,,,,,,,,,,,,,,,,,,,,,,,,,,,,,,,,,,,,,,,,,,,,,,,,,,,,,,,,,,,,,,,,,,,,,,,,,,,,,,,,,,,,,,,,,,,,,,,,,,,,,,,,,,,,,,,,,,,,,,,,,,,,,,,,,,,,,,,,,,,,,,,,,,,,,,,,,,,,,,,,,,,,,,,,,,,,,,,,,,,,,,,,,,,,,,,,,,,,,,,,,,,,,,,,,,,,,,,,,,,,,,,,,,,,,,,,,,,,,,,,384,460,1195,1476,1093,22,264,772,248,439,387,466,319,1494,687,275,1181,485,3497,246,764,1008,832,38,2299,1426,564,693,1062,753,2834,1811,142,1705,62,423,48,2322,4438,1980,1471,822,749,196,1431,366,1080,250,1300,609,2248,2100,193,3183,1521,1577,1122,2752,718,1071,671,595,1004,392,261,1753,124,110,295,713,683,2345,1256,1972,54,294,708,2370,1665,278,1322,480,10,932,28,1955,759,716,1113,1171,133,245,281,2260,1024,433,649,493,79,360,3428,360,1110,1611,707,522,319,1561,1281,582,373,2437,1776,1497,584,2195,1501,1107,501,901,1530,684,3058,2468,2830,2626,618,215,1427,1792,1244,825,65,497,984,59,2790,902,680,713,2337,1570,753,19,2718,3226,1309,369,572,906,3104,1119,111,107,967,361,1851,1181,804,4386,1739,192,1153,1360,40,2397,1066,562,59,447,761,1572,205,1237,770,243,1018,1149,633,443,729,690,336,419,629,233,1256,2329,1506,3407,304,229,1884,857,536,1055,1439,698,1894,1251,998,1279,212,42,2547,750,802,1117,1753,1432,689,249,881,1230,22,78,2529,882,811,2777,212,1836,2590,371,1844,73,2191,1243,1102,1510,546,1885,904,175,828,340,1468,1528,1415,2190,2353,1424,227,337,1577,1320,403,544,1171,664,1970,2441,458,1529,1274,1047,1641,1300,2373,1087,1975,1582,1060,1172,754,1316,333,399,525,37,645,2107,3862,1383,2556,1227,785,417,1113,2714,1290,964,89,1623,2340,1514,508,725,557,1316,1904,1386,2027,3340,828,1304,1747,1018,1564,1980,1415,963,2809,1565,1625,1190,2097,2880
48.3,210,510,727,1340,326,1297,1142,392,1135,1785,388,308,896,1077,1157,57,1141,21,1026,184,923,1128,1143,1134,1093,1160,425,503,1722,2304,1961,41,1215,638,1614,972,406,2139,559,561,1269,619,462,320,1405,3324,2093,1977,2666,1757,1501,1591,4916,1779,640,1303,412,977,335,473,1855,1218,2705,280,1800,68,1238,32,461,1469,2029,1828,906,2649,1693,182,1315,1213,1324,750,3196,2238,2491,885,484,248,428,1169,190,46,119,1207,2504,1600,385,1401,1704,2655,1391,1189,1198,1059,901,2892,458,1045,2026,2100,511,147,384,765,841,953,380,1278,1529,2434,1184,1690,4520,1585,613,2319,1353,3214,1569,582,1224,1638,285,466,1169,440,2341,110,1427,187,1863,202,1804,677,2401,995,1125,2181,1527,1745,666,555,1996,692,1390,286,561,1387,1055,2114,2623,1991,1274,513,2288,3365,673,1768,1086,1837,724,293,1810,1270,910,177,457,1363,695,282,618,630,657,4159,1607,1415,740,485,75,2024,2773,1388,1140,2628,1844,1496,1865,3562,1025,612,1115,1477,160,106,4097,3094,1121,341,726,97,1816,809,1491,811,1008,2838,2463,117,2303,1151,2341,1106,939,264,286,1109,2084,2493,1855,1011,823,1932,3209,1155,779,1330,2579,508,1884,844,1021,494,1877,802,1124,1734,465,624,1995,1906,2861,2477,2285,764,1406,1097,1980,928,1074,867,1230,1394,635,2126,746,2997,396,2221,166,2979,1423,1908,572,1485,1675,2338,1382,694,2559,1923,1761,1112,1674,697,771,561,782,754,1051,2119,730,427,984,1264,994,685,2393,1084,836,2136,1623,332,931,2089,2466,300,977,816,1091,461,,,,,,,,,,,,,,,,,,,,,,,,,,,,,,,,,,,,,,,,,,,,,,,,,,,,,,,,,,,,,,,,,,,,,,,,,,,,,,,,,,,,,,,,,,,,,,,,,,,,,,,,,,,,,,,,,,,,,,,,,,,,,,,,,,,,,,,,,,,,,,,,,,,,,,,,,,,,,,,,,,,,,,,,,,,,,,,,,,,,,,,,,,,,,,,,,,,,,,,,,,,,,,,,,,,,,,,,,,,,,,,,,,,,,,,,,,,,,,,,,,,,,,,,,,,,,,,,,,,,,,,,,,,,,,,,,,,,,,,,,,,,,,,,,,,,,,,,,,,,,,,,,,,,
48.7,,,,,,,,,,,,,,,,,,,,,,,,,,,,,,,,,,,,,,,,,,,,,,,,,,,,,,,,,,,,,,,,,,,,,,,,,,,,,,,,,,,,,,,,,,,,,,,,,,,,,,,,,,,,,,,,,,,,,,,,,,,,,,,,,,,,,,,,,,,,,,,,,,,,,,,,,,,,,,,,,,,,,,,,,,,,,,,,,,,,,,,,,,,,,,,,,,,,,,,,,,,,,,,,,,,,,,,,,,,,,,,,,,,,,,,,,,,,,,,,,,,,,,,,,,,,,,,,,,,,,,,,,,,,,,,,,,,,,,,,,,,,,,,,,,,,,,,,,,,,,,,,,,,,,404,482,1274,1557,1181,21,295,843,306,470,450,525,380,1567,754,323,1255,514,3551,295,776,1092,885,48,2519,1465,611,751,1098,849,2956,1850,163,1785,92,455,57,2477,4394,2056,1556,986,767,219,1499,368,1168,287,1357,631,2352,2125,217,3227,1548,1647,1214,2873,824,1148,693,619,1112,434,291,1870,154,175,343,838,735,2332,1291,2108,61,388,766,2469,1899,331,1423,531,14,959,32,2069,822,786,1174,1317,161,331,288,2254,1069,449,734,570,94,364,3370,399,1145,1749,737,566,353,1688,1359,648,415,2455,1851,1537,630,2358,1558,1153,591,993,1618,758,3235,2638,2794,2647,677,267,1572,1982,1401,890,89,510,1055,82,2904,1048,720,761,2372,1686,830,17,2969,3199,1654,422,625,1068,3187,1301,122,111,1071,420,1989,1262,934,4365,1830,216,1225,1534,73,2470,1164,580,77,492,809,1657,219,1320,844,270,1111,1231,697,531,853,767,421,446,740,278,1484,2495,1692,3428,362,262,2059,942,613,1138,1523,810,1980,1234,1186,1434,221,49,2643,821,939,1234,1882,1482,744,284,1010,1342,58,116,2646,977,936,2957,226,1911,2720,468,1917,81,2195,1391,1197,1643,629,2057,1086,218,933,334,1606,1723,1546,2324,2355,1587,251,351,1706,1473,482,605,1254,700,2177,2546,473,1664,1413,1152,1674,1350,2404,1183,2129,1714,1100,1281,792,1395,454,453,590,43,714,2235,4005,1483,2609,1325,884,452,1172,2794,1650,1104,119,1690,2431,1588,586,864,603,1491,2069,1603,2016,3470,871,1318,1815,1084,1648,2037,1489,1042,2875,1698,1691,1268,2164,3000
56.6,219,515,737,1420,347,1402,1156,395,1159,1768,405,334,876,1106,1178,56,1237,25,1034,175,942,1218,1155,1179,1176,1195,448,531,1777,2318,1928,36,1271,674,1822,1009,426,2144,600,579,1270,629,505,340,1382,3543,2183,2253,2734,1764,1564,1750,4945,1772,664,1342,459,1038,352,493,1959,1337,2894,319,1851,84,1332,31,480,1562,2167,1984,951,2677,1788,226,1408,1255,1446,774,3217,2235,2517,872,526,245,446,1153,206,49,116,1264,2628,1691,406,1416,1833,2891,1359,1254,1272,1090,970,3133,498,1054,1988,2227,549,183,417,911,891,1066,441,1330,1589,2543,1253,1738,4558,1653,621,2351,1399,3249,1631,633,1527,2165,325,545,1194,448,2491,125,1525,211,1881,203,1999,687,2528,1013,1163,2239,1571,2136,689,593,2025,861,1391,321,604,1450,1196,2107,2844,2116,1299,551,2974,3507,678,2094,1171,1874,788,312,1904,1331,940,185,477,1519,694,360,670,638,716,4259,1620,1549,786,507,69,2201,2819,1510,1149,2646,1920,1494,2024,3669,1054,732,1157,1552,183,123,4101,3290,1170,370,746,115,1993,865,1514,855,1047,3150,2666,171,2375,1176,2570,1171,972,308,280,1189,2181,2788,1964,1047,866,2092,3414,1282,828,1389,2765,512,2150,918,1032,584,2127,787,1185,1818,489,673,2229,2122,3077,2464,2359,775,1481,1115,2101,995,1114,887,1277,1528,695,2171,768,3147,424,2307,171,3259,1499,1906,633,1509,1718,2440,1387,699,2616,2005,1744,1198,1715,797,784,577,788,780,1118,2139,815,517,1045,1385,1036,772,2544,1099,865,2219,1691,372,928,2082,2466,293,1023,834,1152,499,,,,,,,,,,,,,,,,,,,,,,,,,,,,,,,,,,,,,,,,,,,,,,,,,,,,,,,,,,,,,,,,,,,,,,,,,,,,,,,,,,,,,,,,,,,,,,,,,,,,,,,,,,,,,,,,,,,,,,,,,,,,,,,,,,,,,,,,,,,,,,,,,,,,,,,,,,,,,,,,,,,,,,,,,,,,,,,,,,,,,,,,,,,,,,,,,,,,,,,,,,,,,,,,,,,,,,,,,,,,,,,,,,,,,,,,,,,,,,,,,,,,,,,,,,,,,,,,,,,,,,,,,,,,,,,,,,,,,,,,,,,,,,,,,,,,,,,,,,,,,,,,,,,,
57.3,,,,,,,,,,,,,,,,,,,,,,,,,,,,,,,,,,,,,,,,,,,,,,,,,,,,,,,,,,,,,,,,,,,,,,,,,,,,,,,,,,,,,,,,,,,,,,,,,,,,,,,,,,,,,,,,,,,,,,,,,,,,,,,,,,,,,,,,,,,,,,,,,,,,,,,,,,,,,,,,,,,,,,,,,,,,,,,,,,,,,,,,,,,,,,,,,,,,,,,,,,,,,,,,,,,,,,,,,,,,,,,,,,,,,,,,,,,,,,,,,,,,,,,,,,,,,,,,,,,,,,,,,,,,,,,,,,,,,,,,,,,,,,,,,,,,,,,,,,,,,,,,,,,,,444,537,1379,1608,1224,19,317,929,306,510,515,524,420,1609,768,326,1347,562,3663,309,868,1156,954,46,2632,1493,652,757,1130,903,3119,1917,178,1893,94,462,52,2554,4306,2064,1593,1002,814,298,1594,441,1220,288,1389,664,2409,2187,208,3253,1578,1706,1244,3007,943,1182,735,641,1226,471,278,1989,169,189,408,850,842,2403,1393,2130,72,440,784,2618,2155,351,1513,596,15,965,40,2141,889,862,1226,1358,178,424,331,2340,1109,461,772,585,122,394,3398,446,1218,1869,752,595,438,1847,1397,655,472,2493,1938,1596,730,2436,1569,1230,605,1041,1709,833,3218,2599,2924,2711,717,287,1632,2247,1581,986,91,542,1147,107,2990,1075,758,806,2583,1787,905,22,3148,3402,1960,478,637,1165,3192,1561,137,104,1122,469,2097,1343,953,4292,1895,228,1287,1637,92,2578,1255,600,80,522,829,1778,264,1413,882,310,1189,1260,761,589,850,765,452,509,790,322,1583,2513,1868,3529,373,309,2080,1057,674,1342,1557,833,2057,1264,1300,1627,272,58,2759,842,1002,1321,2042,1468,784,329,1065,1428,79,145,2903,1164,1038,3095,238,2035,2812,513,1967,82,2193,1465,1212,1732,696,2227,1193,256,996,353,1671,1848,1648,2546,2453,1679,266,371,1830,1624,542,612,1266,739,2479,2787,466,1675,1426,1314,1784,1372,2404,1374,2226,1783,1131,1301,836,1466,466,528,678,37,755,2330,4321,1596,2769,1359,1023,503,1225,2953,1983,1273,139,1717,2533,1698,615,906,687,1600,2314,1765,1998,3465,976,1454,1879,1178,1734,2140,1515,1133,3140,1860,1820,1320,2287,3092
65.4,213,505,778,1410,344,1426,1147,387,1191,1816,418,357,927,1144,1174,53,1242,22,1033,190,950,1196,1166,1219,1167,1214,438,560,1822,2243,1944,38,1310,682,2054,1065,455,2148,648,565,1268,639,524,344,1364,3620,2186,2402,2748,1800,1669,1864,4948,1797,661,1419,500,1073,355,498,2044,1402,2832,324,1867,67,1316,29,483,1697,2191,2046,1010,2781,1960,247,1475,1342,1478,800,3223,2301,2588,893,559,247,460,1165,225,52,131,1307,2616,1730,428,1445,1953,2956,1460,1319,1351,1087,986,3220,499,1080,2051,2230,540,172,445,918,920,1130,467,1377,1552,2509,1308,1825,4498,1632,683,2465,1415,3252,1673,668,1510,2178,344,553,1215,451,2448,128,1600,207,1932,212,2141,721,2603,1064,1187,2282,1620,2273,734,627,1987,869,1410,332,622,1441,1263,2209,2893,2103,1389,603,3316,3636,682,2179,1239,1912,827,337,1954,1330,955,197,476,1592,689,355,719,615,737,4255,1664,1639,808,513,82,2311,2889,1600,1148,2633,1925,1506,2034,3633,1089,729,1190,1598,191,123,4159,3349,1205,409,767,124,2115,894,1551,878,1020,3252,2522,166,2375,1231,2795,1157,962,315,285,1285,2195,2985,1939,1108,862,2057,3301,1320,810,1446,2791,496,2122,926,1025,571,2111,816,1209,1917,529,744,2357,2116,3193,2438,2492,838,1509,1132,2137,954,1142,914,1283,1544,710,2170,772,3048,408,2286,178,3247,1597,1846,699,1545,1817,2330,1371,712,2653,2014,1682,1221,1634,756,808,626,797,742,1120,2188,814,536,1087,1511,1028,747,2545,1076,837,2229,1655,387,949,2008,2418,281,987,819,1121,488,,,,,,,,,,,,,,,,,,,,,,,,,,,,,,,,,,,,,,,,,,,,,,,,,,,,,,,,,,,,,,,,,,,,,,,,,,,,,,,,,,,,,,,,,,,,,,,,,,,,,,,,,,,,,,,,,,,,,,,,,,,,,,,,,,,,,,,,,,,,,,,,,,,,,,,,,,,,,,,,,,,,,,,,,,,,,,,,,,,,,,,,,,,,,,,,,,,,,,,,,,,,,,,,,,,,,,,,,,,,,,,,,,,,,,,,,,,,,,,,,,,,,,,,,,,,,,,,,,,,,,,,,,,,,,,,,,,,,,,,,,,,,,,,,,,,,,,,,,,,,,,,,,,,
65.8,,,,,,,,,,,,,,,,,,,,,,,,,,,,,,,,,,,,,,,,,,,,,,,,,,,,,,,,,,,,,,,,,,,,,,,,,,,,,,,,,,,,,,,,,,,,,,,,,,,,,,,,,,,,,,,,,,,,,,,,,,,,,,,,,,,,,,,,,,,,,,,,,,,,,,,,,,,,,,,,,,,,,,,,,,,,,,,,,,,,,,,,,,,,,,,,,,,,,,,,,,,,,,,,,,,,,,,,,,,,,,,,,,,,,,,,,,,,,,,,,,,,,,,,,,,,,,,,,,,,,,,,,,,,,,,,,,,,,,,,,,,,,,,,,,,,,,,,,,,,,,,,,,,,,444,604,1439,1655,1233,20,320,937,345,503,569,545,427,1681,827,346,1429,568,3636,352,898,1178,996,51,2811,1520,743,749,1178,980,3198,1924,198,2005,101,483,60,2566,4231,2103,1614,1109,797,313,1644,504,1386,323,1410,709,2421,2188,243,3288,1596,1815,1293,3013,999,1222,706,670,1370,503,290,1974,176,203,494,925,906,2423,1452,2203,72,534,846,2680,2233,386,1533,615,10,985,47,2210,916,893,1248,1373,199,477,357,2391,1142,531,852,609,124,421,3308,461,1176,1891,767,616,477,1927,1447,672,534,2542,2037,1643,807,2474,1592,1331,664,1060,1765,923,3258,2686,2820,2790,742,326,1725,2378,1667,1061,100,546,1260,124,3182,1103,782,866,2597,1861,953,26,3160,3424,2069,508,682,1222,3165,1672,141,120,1211,566,2162,1348,1075,4342,2082,246,1336,1679,123,2741,1302,669,85,563,825,1838,247,1397,940,313,1217,1347,804,605,945,858,471,532,830,342,1667,2499,1986,3632,384,323,2133,1091,711,1352,1551,909,2061,1298,1412,1671,314,54,2770,895,1035,1335,2105,1514,834,390,1148,1496,73,144,2988,1211,1047,3055,260,2116,2920,590,1929,86,2177,1536,1247,1842,731,2230,1304,254,1039,369,1768,1858,1662,2618,2353,1677,268,386,1974,1698,579,629,1302,769,2486,2898,470,1691,1429,1318,1780,1391,2418,1393,2235,1842,1111,1347,888,1540,505,565,678,45,748,2355,4304,1641,2711,1366,1073,511,1204,2962,2097,1374,145,1723,2545,1719,646,912,685,1638,2363,1848,2047,3434,1000,1469,1865,1195,1847,2080,1524,1164,3097,1856,1839,1276,2346,3080
73.3,233,494,798,1455,369,1462,1167,391,1203,1815,411,379,906,1167,1204,53,1275,20,1054,175,982,1206,1174,1223,1150,1263,438,579,1886,2272,1950,41,1320,695,2122,1110,472,2220,625,589,1272,647,542,349,1372,3644,2264,2556,2722,1769,1747,1859,4969,1817,661,1392,511,1125,374,519,2057,1471,2877,307,1895,79,1310,31,503,1806,2231,2087,1103,2767,2091,254,1533,1379,1462,812,3284,2309,2590,893,599,254,476,1181,247,53,137,1306,2629,1793,436,1479,2079,2926,1532,1393,1373,1065,1009,3271,518,1082,2073,2285,569,175,459,961,907,1130,505,1404,1556,2587,1317,1884,4487,1674,699,2501,1471,3327,1674,713,1628,2365,343,588,1229,451,2539,136,1634,226,1941,210,2167,720,2634,1116,1162,2396,1602,2444,743,630,1991,884,1409,347,658,1469,1315,2242,2961,2099,1382,626,3392,3685,691,2234,1318,1974,864,333,1945,1332,970,196,465,1631,701,350,732,631,760,4280,1709,1732,811,511,87,2259,2908,1745,1159,2626,1970,1472,2005,3629,1109,773,1189,1614,209,135,4153,3393,1254,407,778,122,2201,966,1573,872,1045,3368,2597,167,2360,1259,2880,1183,967,321,274,1340,2238,3060,1989,1117,874,2051,3327,1336,835,1418,2776,508,2215,957,1048,617,2203,819,1289,1984,552,758,2574,2132,3254,2404,2635,850,1569,1116,2179,991,1164,923,1289,1586,741,2198,738,3119,433,2416,192,3398,1643,1875,710,1501,1855,2334,1363,706,2654,2059,1724,1232,1625,763,817,609,810,797,1132,2191,810,518,1092,1541,1037,758,2549,1059,832,2256,1719,402,986,2024,2426,284,1027,842,1127,509,,,,,,,,,,,,,,,,,,,,,,,,,,,,,,,,,,,,,,,,,,,,,,,,,,,,,,,,,,,,,,,,,,,,,,,,,,,,,,,,,,,,,,,,,,,,,,,,,,,,,,,,,,,,,,,,,,,,,,,,,,,,,,,,,,,,,,,,,,,,,,,,,,,,,,,,,,,,,,,,,,,,,,,,,,,,,,,,,,,,,,,,,,,,,,,,,,,,,,,,,,,,,,,,,,,,,,,,,,,,,,,,,,,,,,,,,,,,,,,,,,,,,,,,,,,,,,,,,,,,,,,,,,,,,,,,,,,,,,,,,,,,,,,,,,,,,,,,,,,,,,,,,,,,
73.7,,,,,,,,,,,,,,,,,,,,,,,,,,,,,,,,,,,,,,,,,,,,,,,,,,,,,,,,,,,,,,,,,,,,,,,,,,,,,,,,,,,,,,,,,,,,,,,,,,,,,,,,,,,,,,,,,,,,,,,,,,,,,,,,,,,,,,,,,,,,,,,,,,,,,,,,,,,,,,,,,,,,,,,,,,,,,,,,,,,,,,,,,,,,,,,,,,,,,,,,,,,,,,,,,,,,,,,,,,,,,,,,,,,,,,,,,,,,,,,,,,,,,,,,,,,,,,,,,,,,,,,,,,,,,,,,,,,,,,,,,,,,,,,,,,,,,,,,,,,,,,,,,,,,,442,598,1446,1684,1261,17,333,958,357,497,575,550,450,1694,858,382,1464,587,3616,372,898,1150,1052,46,2845,1520,764,768,1202,1009,3215,1970,198,2064,112,482,58,2591,4341,2123,1583,1179,824,334,1664,496,1372,349,1419,679,2490,2192,222,3243,1606,1812,1336,3048,1040,1260,722,650,1410,529,302,2076,191,202,500,993,928,2523,1439,2230,69,557,895,2730,2271,404,1554,667,9,1012,36,2230,959,929,1240,1392,191,530,373,2408,1125,514,882,613,136,436,3335,498,1236,1905,764,663,494,1938,1411,658,544,2480,2066,1711,879,2478,1612,1358,719,1049,1772,963,3225,2716,2846,2847,746,352,1791,2477,1712,1111,92,556,1280,167,3193,1140,810,848,2708,1872,955,28,3188,3417,2114,511,683,1231,3128,1659,171,110,1227,599,2195,1384,1118,4304,2186,239,1358,1701,117,2738,1340,651,96,566,805,1822,264,1439,949,312,1262,1401,805,633,997,861,502,573,859,367,1823,2539,1999,3638,394,359,2119,1090,729,1408,1603,936,2067,1331,1466,1733,320,57,2787,908,1029,1339,2141,1511,859,406,1184,1538,61,144,2890,1188,1062,3024,250,2207,2870,661,1805,85,2169,1586,1254,1888,757,2316,1305,266,1043,363,1796,1834,1673,2635,2381,1700,262,385,2122,1700,675,651,1281,774,2558,2895,484,1685,1497,1380,1786,1347,2374,1420,2202,1851,1079,1335,870,1506,498,605,712,36,748,2425,4446,1616,2767,1409,1113,527,1218,2984,2126,1341,141,1745,2526,1734,686,920,687,1756,2370,1941,2073,3459,1031,1531,1898,1163,1828,2088,1549,1192,3065,1885,1904,1267,2329,3012
81.5,225,497,839,1468,366,1482,1169,359,1199,1845,431,371,957,1209,1204,57,1288,21,1068,189,966,1246,1174,1242,1161,1247,429,578,1871,2221,1940,36,1343,718,2163,1120,485,2312,693,592,1271,671,536,348,1400,3681,2268,2586,2757,1793,1795,1888,4980,1792,651,1461,515,1167,378,515,2126,1514,2926,318,1901,82,1325,32,507,1823,2282,2071,1133,2924,2149,282,1547,1359,1445,799,3250,2321,2628,879,646,251,483,1192,240,55,129,1337,2608,1768,441,1503,2150,2986,1512,1405,1388,1070,1032,3243,517,1064,2058,2311,618,151,477,1004,938,1160,503,1418,1520,2553,1372,1930,4444,1668,740,2461,1488,3267,1667,699,1800,2469,352,582,1232,446,2529,132,1599,216,1968,229,2207,704,2673,1167,1212,2350,1650,2542,771,673,1960,938,1377,359,659,1532,1381,2290,3000,2114,1411,627,3373,3669,699,2191,1348,1965,944,336,1968,1341,994,217,477,1674,706,378,751,690,782,4220,1769,1819,819,567,84,2264,2887,1772,1224,2640,1989,1505,2067,3622,1104,774,1232,1649,207,114,4118,3413,1277,416,820,126,2244,954,1551,882,1080,3418,2649,176,2333,1277,2934,1195,988,311,279,1395,2244,3115,2062,1156,859,2038,3273,1374,837,1487,2857,522,2225,990,1056,601,2209,838,1310,1989,560,784,2642,2104,3289,2427,2685,894,1586,1108,2232,985,1178,909,1335,1628,750,2208,750,3038,426,2450,194,3420,1683,1831,755,1531,1899,2328,1368,709,2638,2032,1704,1259,1627,776,831,615,814,787,1156,2187,821,520,1080,1617,1056,765,2609,1066,827,2255,1679,450,985,1935,2394,265,1033,811,1128,529,,,,,,,,,,,,,,,,,,,,,,,,,,,,,,,,,,,,,,,,,,,,,,,,,,,,,,,,,,,,,,,,,,,,,,,,,,,,,,,,,,,,,,,,,,,,,,,,,,,,,,,,,,,,,,,,,,,,,,,,,,,,,,,,,,,,,,,,,,,,,,,,,,,,,,,,,,,,,,,,,,,,,,,,,,,,,,,,,,,,,,,,,,,,,,,,,,,,,,,,,,,,,,,,,,,,,,,,,,,,,,,,,,,,,,,,,,,,,,,,,,,,,,,,,,,,,,,,,,,,,,,,,,,,,,,,,,,,,,,,,,,,,,,,,,,,,,,,,,,,,,,,,,,,
81.9,,,,,,,,,,,,,,,,,,,,,,,,,,,,,,,,,,,,,,,,,,,,,,,,,,,,,,,,,,,,,,,,,,,,,,,,,,,,,,,,,,,,,,,,,,,,,,,,,,,,,,,,,,,,,,,,,,,,,,,,,,,,,,,,,,,,,,,,,,,,,,,,,,,,,,,,,,,,,,,,,,,,,,,,,,,,,,,,,,,,,,,,,,,,,,,,,,,,,,,,,,,,,,,,,,,,,,,,,,,,,,,,,,,,,,,,,,,,,,,,,,,,,,,,,,,,,,,,,,,,,,,,,,,,,,,,,,,,,,,,,,,,,,,,,,,,,,,,,,,,,,,,,,,,,455,649,1449,1677,1281,20,345,935,351,498,574,561,454,1712,840,380,1525,604,3654,379,969,1151,1089,53,2944,1560,796,808,1211,1040,3218,1993,198,2099,112,488,61,2588,4360,2148,1589,1212,811,330,1736,553,1415,355,1427,715,2413,2220,254,3227,1569,1880,1411,3073,1077,1275,707,642,1406,564,296,2077,184,237,546,969,943,2600,1459,2215,77,562,959,2794,2347,422,1595,648,12,1030,41,2281,977,920,1296,1382,224,583,376,2505,1136,527,872,645,137,457,3371,504,1349,1967,765,663,516,1981,1468,664,559,2632,2101,1744,920,2502,1656,1400,769,1085,1772,973,3179,2677,2896,2851,760,374,1800,2568,1747,1129,93,572,1330,156,3320,1150,807,872,2775,1884,1029,27,3163,3463,2169,520,682,1251,3030,1667,173,119,1232,604,2191,1388,1167,4314,2241,266,1396,1755,127,2829,1344,671,88,602,828,1858,297,1467,978,309,1263,1444,841,688,1023,905,493,585,871,409,1833,2530,2090,3670,398,364,2183,1117,774,1457,1614,944,2043,1335,1479,1747,334,60,2792,940,1126,1380,2173,1525,874,413,1151,1557,58,153,2974,1166,1109,3042,261,2218,2884,681,1980,91,2187,1587,1302,1892,773,2306,1297,261,1049,360,1786,1885,1652,2653,2415,1710,255,390,2124,1742,667,667,1284,799,2593,2970,502,1703,1441,1386,1790,1335,2382,1481,2226,1872,1079,1309,871,1558,515,641,718,37,795,2464,4461,1697,2757,1417,1130,552,1193,3075,2225,1345,155,1734,2513,1747,692,956,748,1750,2390,2028,2049,3482,1056,1525,1897,1164,1852,2155,1589,1203,3089,1889,1862,1258,2375,2980
89.4,234,498,828,1508,392,1455,1188,363,1179,1850,421,398,964,1179,1237,51,1306,18,1048,176,990,1259,1144,1233,1175,1268,442,590,1870,2206,1948,34,1369,717,2157,1126,484,2256,674,600,1248,665,538,368,1377,3607,2364,2605,2788,1737,1827,1906,4850,1805,647,1440,527,1144,386,521,2121,1542,2952,325,1897,78,1375,33,511,1855,2302,2103,1164,2899,2153,270,1613,1424,1446,845,3213,2344,2625,878,636,254,490,1224,234,50,132,1314,2629,1780,448,1525,2113,3087,1518,1441,1378,1064,1030,3255,520,1070,2049,2337,589,189,478,988,941,1169,532,1476,1499,2596,1360,1913,4330,1644,760,2486,1516,3292,1647,710,1819,2521,341,607,1225,454,2529,142,1589,211,1997,238,2214,687,2660,1154,1182,2346,1635,2583,773,666,1957,965,1340,368,657,1511,1441,2331,2965,2135,1418,644,3418,3622,705,2182,1376,1965,974,337,2007,1382,1017,224,489,1698,694,405,778,662,784,4212,1791,1864,824,542,91,2261,2905,1819,1186,2650,1946,1484,2051,3598,1098,782,1231,1697,215,118,4048,3393,1303,399,825,119,2250,979,1559,901,1033,3466,2552,183,2312,1295,2966,1222,1012,305,273,1396,2301,3106,2116,1155,887,2077,3213,1370,850,1506,2779,535,2275,1005,1030,609,2241,834,1324,1993,597,828,2672,2058,3308,2388,2749,864,1602,1116,2218,982,1218,898,1324,1631,770,2181,725,3038,435,2465,177,3468,1655,1842,765,1536,1876,2273,1347,694,2647,1968,1686,1274,1623,789,814,624,813,794,1195,2225,814,517,1101,1641,1062,784,2591,1062,814,2245,1685,449,991,1931,2268,263,1027,797,1153,544,,,,,,,,,,,,,,,,,,,,,,,,,,,,,,,,,,,,,,,,,,,,,,,,,,,,,,,,,,,,,,,,,,,,,,,,,,,,,,,,,,,,,,,,,,,,,,,,,,,,,,,,,,,,,,,,,,,,,,,,,,,,,,,,,,,,,,,,,,,,,,,,,,,,,,,,,,,,,,,,,,,,,,,,,,,,,,,,,,,,,,,,,,,,,,,,,,,,,,,,,,,,,,,,,,,,,,,,,,,,,,,,,,,,,,,,,,,,,,,,,,,,,,,,,,,,,,,,,,,,,,,,,,,,,,,,,,,,,,,,,,,,,,,,,,,,,,,,,,,,,,,,,,,,
89.7,,,,,,,,,,,,,,,,,,,,,,,,,,,,,,,,,,,,,,,,,,,,,,,,,,,,,,,,,,,,,,,,,,,,,,,,,,,,,,,,,,,,,,,,,,,,,,,,,,,,,,,,,,,,,,,,,,,,,,,,,,,,,,,,,,,,,,,,,,,,,,,,,,,,,,,,,,,,,,,,,,,,,,,,,,,,,,,,,,,,,,,,,,,,,,,,,,,,,,,,,,,,,,,,,,,,,,,,,,,,,,,,,,,,,,,,,,,,,,,,,,,,,,,,,,,,,,,,,,,,,,,,,,,,,,,,,,,,,,,,,,,,,,,,,,,,,,,,,,,,,,,,,,,,,436,659,1476,1696,1326,14,355,944,360,507,576,576,445,1760,862,389,1560,622,3577,393,992,1126,1090,53,2940,1591,814,788,1196,1060,3246,1993,203,2117,96,471,57,2613,4391,2168,1609,1255,817,356,1742,545,1430,348,1437,697,2416,2171,244,3204,1568,1877,1376,3061,1080,1285,701,653,1437,562,308,2096,200,215,542,997,944,2600,1482,2193,76,570,956,2776,2287,435,1590,650,11,1012,43,2254,974,921,1291,1364,228,630,386,2575,1149,514,880,664,166,446,3400,535,1371,1974,796,704,524,1981,1489,670,576,2588,2104,1756,896,2514,1652,1386,761,1086,1824,999,3125,2684,2853,2817,785,399,1827,2609,1806,1123,95,563,1285,177,3351,1124,817,867,2761,1879,1043,28,3130,3441,2093,527,708,1254,3022,1737,187,110,1228,688,2179,1386,1161,4275,2334,253,1376,1754,139,2827,1346,671,99,636,842,1867,298,1495,971,322,1333,1474,910,729,1048,914,528,587,865,413,1841,2603,2143,3685,398,384,2176,1124,811,1463,1581,1021,2090,1332,1516,1824,351,71,2791,931,1139,1381,2176,1530,845,441,1177,1645,61,145,2942,1220,1141,3082,257,2337,2878,742,1883,90,2189,1648,1316,1904,769,2331,1308,251,1064,381,1794,1868,1672,2705,2374,1696,261,407,2178,1687,691,651,1287,792,2568,3048,510,1691,1476,1418,1825,1314,2373,1447,2195,1907,1046,1338,875,1523,509,597,713,43,818,2484,4528,1707,2784,1423,1156,574,1188,3130,2235,1402,166,1745,2550,1793,682,982,697,1754,2396,2017,2067,3453,1063,1557,1885,1192,1824,2115,1552,1194,3139,1882,1910,1221,2373,2987
103.2,590,1396,1688,2453,871,1993,1529,867,2283,2837,860,627,2182,1657,2058,85,2248,24,1563,405,1093,1817,2072,1751,1650,1702,918,647,2286,3410,3470,231,2692,1525,3071,2301,866,3055,885,2057,1511,1214,703,670,2452,3307,3185,3149,3792,2100,2567,2970,6932,3445,1110,2842,1156,2693,587,1558,2937,2309,3215,722,3358,179,2545,284,849,2820,2523,3462,1904,4359,2912,1162,3601,2075,2449,1545,4212,3634,3770,1325,1381,177,996,1506,1211,366,901,2319,2961,1950,1083,2309,3026,3379,3550,2820,2800,1167,2330,3452,1284,1345,2667,2962,1056,451,876,1539,1455,1543,1059,1790,2469,3817,1907,2755,5472,2489,1756,3167,2639,4460,2788,1912,2158,2305,970,1495,2093,932,3832,221,2887,482,1996,700,2681,1251,3411,2149,1703,3504,3178,2910,1308,1721,3038,1275,1649,1133,1264,3127,2237,3914,3166,3030,1630,1095,3582,3887,2249,2738,2543,3724,1832,661,2597,2116,1917,375,813,2236,1314,1016,1505,1431,1030,3861,3017,2079,2122,1124,648,3501,3299,3200,1575,3705,2595,2520,2665,3509,1629,850,1928,2771,1773,853,4475,4500,2407,568,1731,304,3807,1941,2484,1441,1983,3718,3105,392,2832,2143,3286,1480,1616,376,261,2232,4315,3663,2745,1919,1957,2639,4251,1865,1420,2150,3054,576,3399,1626,1172,1255,2575,1246,1614,3017,2165,1667,3122,2551,3282,4044,3315,1601,2218,1637,3045,1713,1872,1154,2010,2277,1501,2866,866,3419,978,4129,293,4168,2604,2321,1806,2801,2169,3055,2234,675,2585,2433,2219,2221,1940,1446,1530,1036,1660,1251,2076,3516,1228,1063,1687,2070,1789,1467,2974,2183,1604,3530,2312,1403,1667,2431,3592,820,1526,1658,1761,718,,,,,,,,,,,,,,,,,,,,,,,,,,,,,,,,,,,,,,,,,,,,,,,,,,,,,,,,,,,,,,,,,,,,,,,,,,,,,,,,,,,,,,,,,,,,,,,,,,,,,,,,,,,,,,,,,,,,,,,,,,,,,,,,,,,,,,,,,,,,,,,,,,,,,,,,,,,,,,,,,,,,,,,,,,,,,,,,,,,,,,,,,,,,,,,,,,,,,,,,,,,,,,,,,,,,,,,,,,,,,,,,,,,,,,,,,,,,,,,,,,,,,,,,,,,,,,,,,,,,,,,,,,,,,,,,,,,,,,,,,,,,,,,,,,,,,,,,,,,,,,,,,,,,
103.6,,,,,,,,,,,,,,,,,,,,,,,,,,,,,,,,,,,,,,,,,,,,,,,,,,,,,,,,,,,,,,,,,,,,,,,,,,,,,,,,,,,,,,,,,,,,,,,,,,,,,,,,,,,,,,,,,,,,,,,,,,,,,,,,,,,,,,,,,,,,,,,,,,,,,,,,,,,,,,,,,,,,,,,,,,,,,,,,,,,,,,,,,,,,,,,,,,,,,,,,,,,,,,,,,,,,,,,,,,,,,,,,,,,,,,,,,,,,,,,,,,,,,,,,,,,,,,,,,,,,,,,,,,,,,,,,,,,,,,,,,,,,,,,,,,,,,,,,,,,,,,,,,,,,,1154,1493,2547,2083,1886,29,750,1311,648,723,946,1121,956,2292,1615,712,2143,1278,3769,564,1500,1638,1644,455,2603,2108,1916,1486,1777,1397,3102,3180,230,3653,773,662,113,3525,5902,3050,2428,2056,1055,944,2153,1154,2014,984,2413,675,2615,3707,1272,4135,3714,2670,3367,3726,1304,2053,1683,748,3103,1658,828,2693,800,613,825,1761,1641,2750,1191,2627,185,1495,2132,4011,2966,1614,2125,1469,117,1136,580,2956,2002,1394,1953,1747,522,1482,959,3379,2052,830,1170,1522,1019,1892,5161,1597,1580,3078,861,1659,1436,2315,2360,946,1143,3656,2708,2674,1611,2624,2129,2868,1158,1432,2602,2122,3455,3430,4020,4370,1327,1621,2996,3651,2577,1680,805,1029,2899,401,3965,2046,1856,1325,3916,3375,3251,188,3376,4088,2039,1206,1038,2076,3578,2035,433,201,1719,1200,3139,1246,1932,4147,2479,478,2126,2682,540,4310,1964,1597,295,1052,1092,1831,485,2281,1856,568,2323,1982,1625,1780,1649,1666,1300,1610,1693,1736,2422,4073,2502,3898,1047,1649,3338,1848,2152,1401,1742,1333,2960,1286,2505,2387,1863,346,3363,1753,1867,1508,3316,3061,1418,1325,2339,2682,273,508,3536,2752,2025,3570,1136,3824,2989,1523,2755,827,3165,2743,1938,3689,2122,3188,1716,725,1267,518,2025,2037,2691,2600,3251,2504,613,1204,2074,2828,1638,1420,1901,1034,2773,3802,841,2695,2548,2309,2190,2524,2923,2416,2666,2409,553,2122,1752,2261,736,1495,1294,98,1545,4184,4386,2569,4420,1947,2159,1421,2211,4919,2337,1961,755,2263,3415,2703,1373,2001,1397,2286,2951,2331,3513,4684,1907,2528,2829,1380,2278,3002,2356,1470,3048,2992,2753,1173,3238,3250
119,535,1274,1598,2415,848,1910,1429,826,1915,2540,801,587,2011,1567,1958,92,2023,24,1412,375,1080,1797,1961,1621,1509,1592,881,623,2171,3354,3344,204,2576,1485,2900,2116,821,2982,812,1921,1453,1224,679,628,2298,3166,3077,2898,3700,2065,2473,2877,6323,3020,1093,2731,1133,2518,556,1500,2831,2144,2921,683,3217,183,2366,263,801,2711,2415,3320,1878,4094,2753,1071,3401,1906,2345,1450,4017,3497,3578,1270,1339,153,969,1465,1132,311,825,2136,2803,1899,1068,2260,2839,3118,3350,2679,2622,1127,2255,3239,1219,1277,2583,2762,944,435,828,1463,1466,1487,1023,1769,2384,3624,1823,2501,4850,2382,1724,2783,2494,4092,2593,1820,2086,2152,860,1427,1973,859,3636,198,2746,471,1892,643,2512,1204,3032,2118,1639,3046,2990,2750,1242,1647,2887,1230,1522,1074,1190,2922,2044,3596,2990,2923,1561,1065,3358,3607,2093,2417,2434,3453,1802,613,2483,2078,1877,338,759,2121,1238,920,1431,1390,977,3616,2881,1696,2031,1122,639,3225,3024,2978,1517,3580,2474,2356,2567,3277,1567,788,1788,2575,1568,767,4226,4032,2238,539,1680,293,3412,1859,2268,1391,1854,3405,2819,381,2662,1963,3053,1397,1478,349,252,2013,3848,3193,2383,1822,1749,2473,3662,1792,1330,2072,2820,531,3159,1536,1158,1176,2342,1175,1560,2797,2066,1512,2923,2403,3220,3618,3077,1532,2046,1569,2849,1617,1780,1110,1947,2142,1451,2638,848,3114,913,3684,254,3836,2278,2281,1683,2514,2184,2697,2043,668,2491,2182,2038,2022,1841,1418,1445,986,1564,1148,1848,3125,1138,989,1596,1861,1605,1407,2676,1953,1534,3179,2108,1372,1423,2238,3170,761,1398,1445,1633,662,,,,,,,,,,,,,,,,,,,,,,,,,,,,,,,,,,,,,,,,,,,,,,,,,,,,,,,,,,,,,,,,,,,,,,,,,,,,,,,,,,,,,,,,,,,,,,,,,,,,,,,,,,,,,,,,,,,,,,,,,,,,,,,,,,,,,,,,,,,,,,,,,,,,,,,,,,,,,,,,,,,,,,,,,,,,,,,,,,,,,,,,,,,,,,,,,,,,,,,,,,,,,,,,,,,,,,,,,,,,,,,,,,,,,,,,,,,,,,,,,,,,,,,,,,,,,,,,,,,,,,,,,,,,,,,,,,,,,,,,,,,,,,,,,,,,,,,,,,,,,,,,,,,,
119.4,,,,,,,,,,,,,,,,,,,,,,,,,,,,,,,,,,,,,,,,,,,,,,,,,,,,,,,,,,,,,,,,,,,,,,,,,,,,,,,,,,,,,,,,,,,,,,,,,,,,,,,,,,,,,,,,,,,,,,,,,,,,,,,,,,,,,,,,,,,,,,,,,,,,,,,,,,,,,,,,,,,,,,,,,,,,,,,,,,,,,,,,,,,,,,,,,,,,,,,,,,,,,,,,,,,,,,,,,,,,,,,,,,,,,,,,,,,,,,,,,,,,,,,,,,,,,,,,,,,,,,,,,,,,,,,,,,,,,,,,,,,,,,,,,,,,,,,,,,,,,,,,,,,,,1055,1389,2388,1961,1799,42,730,1249,612,695,897,1075,858,2194,1494,702,2013,1253,3515,529,1419,1506,1522,390,2390,2028,1846,1471,1676,1329,2942,3016,220,3412,699,588,106,3357,5658,2844,2351,1959,1044,867,1993,1084,1882,910,2270,674,2428,3610,1201,3962,3559,2646,3134,3579,1309,2041,1569,735,2968,1548,764,2622,705,548,773,1659,1567,2618,1152,2450,159,1392,2034,3847,2789,1479,2044,1440,115,1060,504,2786,1928,1302,1797,1606,450,1457,924,3278,1923,790,1111,1474,954,1803,4701,1491,1494,2924,842,1592,1398,2197,2318,930,1105,3403,2570,2417,1574,2513,2010,2626,1105,1361,2529,1934,3118,3095,3712,4237,1289,1523,2896,3409,2491,1607,725,906,2758,412,3805,1965,1742,1293,3675,3184,3155,168,3162,3925,1909,1145,980,2006,3452,2023,424,173,1627,1114,2892,1142,1829,3988,2441,437,1975,2446,511,3953,1941,1535,300,1067,1057,1774,440,2192,1717,477,2149,1909,1468,1707,1571,1604,1210,1545,1661,1623,2341,3769,2473,3633,962,1566,3050,1851,1993,1348,1658,1327,2794,1204,2272,2105,1702,307,3120,1676,1792,1433,2973,2737,1366,1297,2179,2445,285,457,3196,2545,1871,3251,1030,3631,2614,1399,2507,787,2826,2560,1878,3240,1908,2942,1637,668,1201,493,1998,1843,2520,2453,2982,2365,551,1122,1974,2490,1549,1400,1825,984,2452,3528,835,2519,2365,2172,2062,2261,2622,2258,2300,2213,552,1877,1675,2080,674,1368,1226,97,1488,3739,4101,2377,3970,1910,1978,1389,2019,4532,2186,1725,682,2146,3248,2423,1236,1784,1287,2165,2686,2111,3301,4110,1743,2241,2573,1266,2147,2739,2133,1414,2968,2731,2529,1078,2979,3009
128.5,529,1269,1563,2418,829,1833,1419,819,1866,2540,794,585,1954,1552,1887,93,2073,29,1420,379,1056,1700,1952,1563,1512,1593,884,623,2119,3292,3343,210,2577,1489,2844,2100,860,3021,802,1924,1418,1174,638,622,2229,3134,2947,2835,3615,2036,2413,2844,6181,2834,1038,2670,1098,2514,554,1515,2794,2176,2914,704,3076,154,2279,242,772,2655,2337,3279,1863,4054,2742,1040,3382,1898,2195,1421,4017,3427,3530,1254,1316,161,931,1383,1118,290,788,2136,2807,1886,1053,2216,2831,3032,3184,2651,2543,1116,2207,3223,1194,1256,2540,2666,885,416,795,1442,1397,1427,1010,1807,2371,3524,1816,2421,4573,2325,1694,2772,2464,3999,2577,1824,2059,2049,869,1362,1981,847,3567,192,2691,467,1869,653,2533,1184,2930,2073,1622,2979,2760,2696,1260,1657,2766,1182,1513,1014,1158,2807,1992,3521,2909,2821,1584,1072,3261,3495,2076,2376,2359,3334,1808,615,2492,2054,1851,332,733,2065,1227,916,1394,1325,984,3552,2807,1689,2021,1124,633,3130,2964,2880,1503,3531,2448,2269,2536,3130,1583,768,1756,2441,1555,740,4035,3915,2156,569,1651,281,3275,1817,2140,1358,1818,3208,2655,370,2582,1909,2964,1355,1506,352,262,1939,3755,3143,2269,1813,1635,2455,3606,1769,1330,2039,2745,533,3111,1503,1101,1210,2340,1151,1522,2768,2034,1504,2865,2464,3059,3576,2962,1525,2030,1536,2788,1624,1720,1113,1917,2130,1426,2567,855,2950,904,3599,251,3658,2196,2195,1744,2416,2115,2538,1909,644,2426,2085,1924,1972,1848,1451,1428,956,1565,1137,1849,3000,1134,973,1605,1841,1571,1394,2709,1885,1465,3045,1989,1299,1470,2203,3054,751,1361,1414,1542,663,,,,,,,,,,,,,,,,,,,,,,,,,,,,,,,,,,,,,,,,,,,,,,,,,,,,,,,,,,,,,,,,,,,,,,,,,,,,,,,,,,,,,,,,,,,,,,,,,,,,,,,,,,,,,,,,,,,,,,,,,,,,,,,,,,,,,,,,,,,,,,,,,,,,,,,,,,,,,,,,,,,,,,,,,,,,,,,,,,,,,,,,,,,,,,,,,,,,,,,,,,,,,,,,,,,,,,,,,,,,,,,,,,,,,,,,,,,,,,,,,,,,,,,,,,,,,,,,,,,,,,,,,,,,,,,,,,,,,,,,,,,,,,,,,,,,,,,,,,,,,,,,,,,,
128.9,,,,,,,,,,,,,,,,,,,,,,,,,,,,,,,,,,,,,,,,,,,,,,,,,,,,,,,,,,,,,,,,,,,,,,,,,,,,,,,,,,,,,,,,,,,,,,,,,,,,,,,,,,,,,,,,,,,,,,,,,,,,,,,,,,,,,,,,,,,,,,,,,,,,,,,,,,,,,,,,,,,,,,,,,,,,,,,,,,,,,,,,,,,,,,,,,,,,,,,,,,,,,,,,,,,,,,,,,,,,,,,,,,,,,,,,,,,,,,,,,,,,,,,,,,,,,,,,,,,,,,,,,,,,,,,,,,,,,,,,,,,,,,,,,,,,,,,,,,,,,,,,,,,,,1015,1404,2296,1910,1810,29,713,1250,624,697,881,1036,835,2179,1470,707,2036,1259,3413,523,1418,1442,1577,375,2324,1964,1824,1442,1630,1313,2876,2992,206,3311,678,574,105,3309,5531,2865,2264,1941,1005,839,1992,1036,1823,846,2265,664,2408,3588,1191,3868,3467,2564,3054,3469,1289,1999,1521,735,2959,1477,732,2603,694,560,761,1604,1555,2614,1096,2447,158,1381,1958,3774,2683,1461,2048,1425,109,1034,457,2723,1874,1226,1684,1606,450,1420,922,3235,1930,791,1093,1450,953,1722,4476,1490,1437,2968,815,1564,1404,2158,2268,876,1115,3349,2531,2327,1561,2529,2021,2544,1100,1346,2527,1937,3107,2942,3637,4206,1269,1465,2782,3223,2419,1638,702,905,2661,397,3650,1941,1690,1299,3595,3084,3100,165,3076,3638,1862,1171,935,1952,3402,2005,430,173,1595,1107,2746,1141,1779,3966,2391,429,1968,2407,508,3881,1895,1511,285,1046,996,1745,425,2100,1682,465,2150,1834,1464,1635,1552,1595,1196,1478,1605,1654,2259,3720,2354,3578,920,1602,2998,1768,1927,1316,1642,1329,2744,1178,2227,2093,1597,312,3054,1604,1723,1386,2914,2642,1336,1286,2068,2390,296,457,3061,2395,1860,3100,982,3468,2453,1330,2260,757,2682,2502,1848,3188,1839,2801,1627,663,1151,479,1932,1830,2361,2337,2921,2249,554,1120,1946,2237,1501,1336,1812,974,2374,3320,810,2480,2214,2238,2025,2239,2589,2120,2228,2091,518,1857,1667,2027,680,1332,1165,88,1424,3624,3954,2120,3682,1874,1971,1339,1895,4439,2105,1774,666,2094,3101,2397,1246,1743,1302,2077,2490,2075,3251,3882,1742,2180,2554,1235,2104,2553,2114,1442,2930,2659,2413,1047,2779,2998
136.7,511,1271,1578,2393,801,1745,1404,799,1847,2533,784,573,1964,1552,1866,92,1917,26,1365,380,1062,1720,1925,1642,1477,1609,898,652,2094,3267,3233,185,2530,1490,2832,2033,828,2948,779,1879,1411,1167,671,632,2175,3158,2939,2823,3621,2034,2432,2835,5962,2812,1030,2592,1133,2525,547,1509,2771,2158,2831,696,2985,177,2272,256,755,2658,2318,3224,1891,3976,2770,1042,3238,1869,2217,1422,3911,3401,3467,1238,1285,156,924,1398,1048,289,781,2137,2804,1870,1044,2210,2779,2965,3178,2620,2453,1093,2174,3098,1220,1235,2582,2681,886,384,803,1456,1448,1434,975,1803,2334,3490,1855,2422,4488,2299,1715,2758,2292,3989,2494,1788,2107,2064,842,1392,1968,802,3541,201,2698,472,1872,661,2481,1161,2911,2014,1572,2912,2684,2647,1254,1625,2683,1183,1491,1042,1137,2726,1989,3511,2910,2740,1557,1090,3129,3405,2036,2357,2287,3291,1768,607,2458,2076,1807,337,740,2096,1203,914,1400,1291,960,3452,2791,1729,2025,1097,637,3003,2926,2850,1481,3483,2363,2272,2555,3135,1519,784,1702,2431,1476,760,3987,3890,2153,564,1626,259,3322,1799,2095,1350,1776,3223,2593,348,2605,1878,2984,1301,1494,353,258,1976,3592,3145,2244,1814,1690,2427,3315,1773,1320,2022,2823,538,3091,1438,1091,1190,2272,1106,1596,2647,1987,1468,2876,2483,3067,3523,2958,1517,2027,1507,2815,1595,1694,1078,1874,2109,1434,2519,822,2890,897,3507,243,3532,2218,2273,1773,2374,2094,2385,1970,654,2427,2039,1870,2019,1772,1451,1417,977,1528,1100,1855,2934,1113,958,1546,1832,1579,1356,2565,1908,1460,3068,1988,1295,1409,2138,2873,738,1367,1431,1514,636,,,,,,,,,,,,,,,,,,,,,,,,,,,,,,,,,,,,,,,,,,,,,,,,,,,,,,,,,,,,,,,,,,,,,,,,,,,,,,,,,,,,,,,,,,,,,,,,,,,,,,,,,,,,,,,,,,,,,,,,,,,,,,,,,,,,,,,,,,,,,,,,,,,,,,,,,,,,,,,,,,,,,,,,,,,,,,,,,,,,,,,,,,,,,,,,,,,,,,,,,,,,,,,,,,,,,,,,,,,,,,,,,,,,,,,,,,,,,,,,,,,,,,,,,,,,,,,,,,,,,,,,,,,,,,,,,,,,,,,,,,,,,,,,,,,,,,,,,,,,,,,,,,,,
137.1,,,,,,,,,,,,,,,,,,,,,,,,,,,,,,,,,,,,,,,,,,,,,,,,,,,,,,,,,,,,,,,,,,,,,,,,,,,,,,,,,,,,,,,,,,,,,,,,,,,,,,,,,,,,,,,,,,,,,,,,,,,,,,,,,,,,,,,,,,,,,,,,,,,,,,,,,,,,,,,,,,,,,,,,,,,,,,,,,,,,,,,,,,,,,,,,,,,,,,,,,,,,,,,,,,,,,,,,,,,,,,,,,,,,,,,,,,,,,,,,,,,,,,,,,,,,,,,,,,,,,,,,,,,,,,,,,,,,,,,,,,,,,,,,,,,,,,,,,,,,,,,,,,,,,1032,1374,2291,1913,1812,35,712,1245,624,708,875,1074,829,2186,1477,664,1994,1251,3419,505,1383,1392,1516,382,2388,1991,1773,1443,1651,1380,2922,2937,203,3333,650,574,103,3325,5460,2861,2250,1936,1017,882,1946,1028,1844,867,2249,669,2414,3618,1154,3776,3399,2531,3005,3485,1312,2007,1505,723,2876,1453,682,2573,687,512,708,1500,1517,2588,1134,2372,173,1377,1999,3722,2700,1426,2044,1402,119,989,439,2675,1875,1274,1737,1589,461,1416,946,3209,1902,812,1102,1458,927,1690,4543,1430,1457,2924,823,1572,1359,2104,2262,849,1104,3252,2435,2253,1540,2478,2000,2559,1114,1330,2463,1871,3096,2813,3543,4136,1266,1479,2773,3119,2381,1573,662,865,2612,400,3593,1925,1728,1288,3532,2991,3075,168,3043,3590,1870,1183,930,1938,3287,1937,458,169,1569,1104,2757,1124,1749,3973,2373,455,1896,2387,521,3723,1889,1520,286,1040,1004,1742,440,2020,1628,478,2133,1876,1451,1588,1537,1623,1166,1500,1616,1639,2295,3625,2403,3591,913,1564,2855,1758,1872,1327,1574,1348,2700,1168,2140,2084,1565,318,3043,1612,1651,1387,2889,2520,1331,1268,2069,2369,311,440,2918,2378,1805,3118,949,3442,2305,1270,2206,745,2662,2515,1846,3148,1905,2890,1593,643,1144,469,1909,1865,2346,2316,2916,2252,528,1098,1929,2195,1463,1318,1796,955,2314,3250,817,2432,2181,2170,1992,2227,2478,2091,2183,2048,517,1805,1631,1999,678,1331,1186,94,1443,3487,3902,2013,3593,1829,2000,1320,1888,4452,2106,1696,652,2043,3058,2355,1225,1758,1285,2025,2416,2125,3211,3953,1729,2154,2496,1256,2086,2578,2124,1427,2895,2621,2321,983,2846,2901