,dth1,dth2
0,0.0205,0.015500000000000002
1,0.0205,0.015300000000000001
2,0.0205,0.015100000000000002
3,0.0205,0.014900000000000002
4,0.0205,0.014700000000000001
5,0.0205,0.014500000000000002
6,0.0205,0.014300000000000002
7,0.0205,0.014100000000000001
8,0.0205,0.013900000000000003
9,0.0205,0.0137
10,0.0205,0.013500000000000002
11,0.020300000000000002,0.015500000000000002
12,0.020300000000000002,0.015300000000000001
13,0.020300000000000002,0.015100000000000002
14,0.020300000000000002,0.014900000000000002
15,0.020300000000000002,0.014700000000000001
16,0.020300000000000002,0.014500000000000002
17,0.020300000000000002,0.014300000000000002
18,0.020300000000000002,0.014100000000000001
19,0.020300000000000002,0.013900000000000003
20,0.020300000000000002,0.0137
21,0.020300000000000002,0.013500000000000002
22,0.0201,0.015500000000000002
23,0.0201,0.015300000000000001
24,0.0201,0.015100000000000002
25,0.0201,0.014900000000000002
26,0.0201,0.014700000000000001
27,0.0201,0.014500000000000002
28,0.0201,0.014300000000000002
29,0.0201,0.014100000000000001
30,0.0201,0.013900000000000003
31,0.0201,0.0137
32,0.0201,0.013500000000000002
33,0.0199,0.015500000000000002
34,0.0199,0.015300000000000001
35,0.0199,0.015100000000000002
36,0.0199,0.014900000000000002
37,0.0199,0.014700000000000001
38,0.0199,0.014500000000000002
39,0.0199,0.014300000000000002
40,0.0199,0.014100000000000001
41,0.0199,0.013900000000000003
42,0.0199,0.0137
43,0.0199,0.013500000000000002
44,0.019700000000000002,0.015500000000000002
45,0.019700000000000002,0.015300000000000001
46,0.019700000000000002,0.015100000000000002
47,0.019700000000000002,0.014900000000000002
48,0.019700000000000002,0.014700000000000001
49,0.019700000000000002,0.014500000000000002
50,0.019700000000000002,0.014300000000000002
51,0.019700000000000002,0.014100000000000001
52,0.019700000000000002,0.013900000000000003
53,0.019700000000000002,0.0137
54,0.019700000000000002,0.013500000000000002
55,0.0195,0.015500000000000002
56,0.0195,0.015300000000000001
57,0.0195,0.015100000000000002
58,0.0195,0.014900000000000002
59,0.0195,0.014700000000000001
60,0.0195,0.014500000000000002
61,0.0195,0.014300000000000002
62,0.0195,0.014100000000000001
63,0.0195,0.013900000000000003
64,0.0195,0.0137
65,0.0195,0.013500000000000002
66,0.0205,0.0165
67,0.0205,0.016300000000000002
68,0.0205,0.016100000000000003
69,0.0205,0.015900000000000004
70,0.0205,0.015700000000000002
71,0.0205,0.015500000000000003
72,0.0205,0.015300000000000003
73,0.0205,0.015100000000000002
74,0.0205,0.014900000000000004
75,0.0205,0.014700000000000001
76,0.0205,0.014500000000000002
77,0.020300000000000002,0.0165
78,0.020300000000000002,0.016300000000000002
79,0.020300000000000002,0.016100000000000003
80,0.020300000000000002,0.015900000000000004
81,0.020300000000000002,0.015700000000000002
82,0.020300000000000002,0.015500000000000003
83,0.020300000000000002,0.015300000000000003
84,0.020300000000000002,0.015100000000000002
85,0.020300000000000002,0.014900000000000004
86,0.020300000000000002,0.014700000000000001
87,0.020300000000000002,0.014500000000000002
88,0.0201,0.0165
89,0.0201,0.016300000000000002
90,0.0201,0.016100000000000003
91,0.0201,0.015900000000000004
92,0.0201,0.015700000000000002
93,0.0201,0.015500000000000003
94,0.0201,0.015300000000000003
95,0.0201,0.015100000000000002
96,0.0201,0.014900000000000004
97,0.0201,0.014700000000000001
98,0.0201,0.014500000000000002
99,0.0199,0.0165
100,0.0199,0.016300000000000002
101,0.0199,0.016100000000000003
102,0.0199,0.015900000000000004
103,0.0199,0.015700000000000002
104,0.0199,0.015500000000000003
105,0.0199,0.015300000000000003
106,0.0199,0.015100000000000002
107,0.0199,0.014900000000000004
108,0.0199,0.014700000000000001
109,0.0199,0.014500000000000002
110,0.019700000000000002,0.0165
111,0.019700000000000002,0.016300000000000002
112,0.019700000000000002,0.016100000000000003
113,0.019700000000000002,0.015900000000000004
114,0.019700000000000002,0.015700000000000002
115,0.019700000000000002,0.015500000000000003
116,0.019700000000000002,0.015300000000000003
117,0.019700000000000002,0.015100000000000002
118,0.019700000000000002,0.014900000000000004
119,0.019700000000000002,0.014700000000000001
120,0.019700000000000002,0.014500000000000002
121,0.0195,0.0165
122,0.0195,0.016300000000000002
123,0.0195,0.016100000000000003
124,0.0195,0.015900000000000004
125,0.0195,0.015700000000000002
126,0.0195,0.015500000000000003
127,0.0195,0.015300000000000003
128,0.0195,0.015100000000000002
129,0.0195,0.014900000000000004
130,0.0195,0.014700000000000001
131,0.0195,0.014500000000000002
132,0.0205,0.0175
133,0.0205,0.0173
134,0.0205,0.0171
135,0.0205,0.0169
136,0.0205,0.0167
137,0.0205,0.0165
138,0.0205,0.016300000000000002
139,0.0205,0.0161
140,0.0205,0.0159
141,0.0205,0.0157
142,0.0205,0.0155
143,0.020300000000000002,0.0175
144,0.020300000000000002,0.0173
145,0.020300000000000002,0.0171
146,0.020300000000000002,0.0169
147,0.020300000000000002,0.0167
148,0.020300000000000002,0.0165
149,0.020300000000000002,0.016300000000000002
150,0.020300000000000002,0.0161
151,0.020300000000000002,0.0159
152,0.020300000000000002,0.0157
153,0.020300000000000002,0.0155
154,0.0201,0.0175
155,0.0201,0.0173
156,0.0201,0.0171
157,0.0201,0.0169
158,0.0201,0.0167
159,0.0201,0.0165
160,0.0201,0.016300000000000002
161,0.0201,0.0161
162,0.0201,0.0159
163,0.0201,0.0157
164,0.0201,0.0155
165,0.0199,0.0175
166,0.0199,0.0173
167,0.0199,0.0171
168,0.0199,0.0169
169,0.0199,0.0167
170,0.0199,0.0165
171,0.0199,0.016300000000000002
172,0.0199,0.0161
173,0.0199,0.0159
174,0.0199,0.0157
175,0.0199,0.0155
176,0.019700000000000002,0.0175
177,0.019700000000000002,0.0173
178,0.019700000000000002,0.0171
179,0.019700000000000002,0.0169
180,0.019700000000000002,0.0167
181,0.019700000000000002,0.0165
182,0.019700000000000002,0.016300000000000002
183,0.019700000000000002,0.0161
184,0.019700000000000002,0.0159
185,0.019700000000000002,0.0157
186,0.019700000000000002,0.0155
187,0.0195,0.0175
188,0.0195,0.0173
189,0.0195,0.0171
190,0.0195,0.0169
191,0.0195,0.0167
192,0.0195,0.0165
193,0.0195,0.016300000000000002
194,0.0195,0.0161
195,0.0195,0.0159
196,0.0195,0.0157
197,0.0195,0.0155
198,0.0205,0.018500000000000003
199,0.0205,0.0183
200,0.0205,0.0181
201,0.0205,0.0179
202,0.0205,0.0177
203,0.0205,0.0175
204,0.0205,0.017300000000000003
205,0.0205,0.0171
206,0.0205,0.016900000000000002
207,0.0205,0.0167
208,0.0205,0.0165
209,0.020300000000000002,0.018500000000000003
210,0.020300000000000002,0.0183
211,0.020300000000000002,0.0181
212,0.020300000000000002,0.0179
213,0.020300000000000002,0.0177
214,0.020300000000000002,0.0175
215,0.020300000000000002,0.017300000000000003
216,0.020300000000000002,0.0171
217,0.020300000000000002,0.016900000000000002
218,0.020300000000000002,0.0167
219,0.020300000000000002,0.0165
220,0.0201,0.018500000000000003
221,0.0201,0.0183
222,0.0201,0.0181
223,0.0201,0.0179
224,0.0201,0.0177
225,0.0201,0.0175
226,0.0201,0.017300000000000003
227,0.0201,0.0171
228,0.0201,0.016900000000000002
229,0.0201,0.0167
230,0.0201,0.0165
231,0.0199,0.018500000000000003
232,0.0199,0.0183
233,0.0199,0.0181
234,0.0199,0.0179
235,0.0199,0.0177
236,0.0199,0.0175
237,0.0199,0.017300000000000003
238,0.0199,0.0171
239,0.0199,0.016900000000000002
240,0.0199,0.0167
241,0.0199,0.0165
242,0.019700000000000002,0.018500000000000003
243,0.019700000000000002,0.0183
244,0.019700000000000002,0.0181
245,0.019700000000000002,0.0179
246,0.019700000000000002,0.0177
247,0.019700000000000002,0.0175
248,0.019700000000000002,0.017300000000000003
249,0.019700000000000002,0.0171
250,0.019700000000000002,0.016900000000000002
251,0.019700000000000002,0.0167
252,0.019700000000000002,0.0165
253,0.0195,0.018500000000000003
254,0.0195,0.0183
255,0.0195,0.0181
256,0.0195,0.0179
257,0.0195,0.0177
258,0.0195,0.0175
259,0.0195,0.017300000000000003
260,0.0195,0.0171
261,0.0195,0.016900000000000002
262,0.0195,0.0167
263,0.0195,0.0165
264,0.0205,0.019500000000000003
265,0.0205,0.0193
266,0.0205,0.019100000000000002
267,0.0205,0.0189
268,0.0205,0.0187
269,0.0205,0.018500000000000003
270,0.0205,0.018300000000000004
271,0.0205,0.0181
272,0.0205,0.017900000000000003
273,0.0205,0.0177
274,0.0205,0.0175
275,0.020300000000000002,0.019500000000000003
276,0.020300000000000002,0.0193
277,0.020300000000000002,0.019100000000000002
278,0.020300000000000002,0.0189
279,0.020300000000000002,0.0187
280,0.020300000000000002,0.018500000000000003
281,0.020300000000000002,0.018300000000000004
282,0.020300000000000002,0.0181
283,0.020300000000000002,0.017900000000000003
284,0.020300000000000002,0.0177
285,0.020300000000000002,0.0175
286,0.0201,0.019500000000000003
287,0.0201,0.0193
288,0.0201,0.019100000000000002
289,0.0201,0.0189
290,0.0201,0.0187
291,0.0201,0.018500000000000003
292,0.0201,0.018300000000000004
293,0.0201,0.0181
294,0.0201,0.017900000000000003
295,0.0201,0.0177
296,0.0201,0.0175
297,0.0199,0.019500000000000003
298,0.0199,0.0193
299,0.0199,0.019100000000000002
300,0.0199,0.0189
301,0.0199,0.0187
302,0.0199,0.018500000000000003
303,0.0199,0.018300000000000004
304,0.0199,0.0181
305,0.0199,0.017900000000000003
306,0.0199,0.0177
307,0.0199,0.0175
308,0.019700000000000002,0.019500000000000003
309,0.019700000000000002,0.0193
310,0.019700000000000002,0.019100000000000002
311,0.019700000000000002,0.0189
312,0.019700000000000002,0.0187
313,0.019700000000000002,0.018500000000000003
314,0.019700000000000002,0.018300000000000004
315,0.019700000000000002,0.0181
316,0.019700000000000002,0.017900000000000003
317,0.019700000000000002,0.0177
318,0.019700000000000002,0.0175
319,0.0195,0.019500000000000003
320,0.0195,0.0193
321,0.0195,0.019100000000000002
322,0.0195,0.0189
323,0.0195,0.0187
324,0.0195,0.018500000000000003
325,0.0195,0.018300000000000004
326,0.0195,0.0181
327,0.0195,0.017900000000000003
328,0.0195,0.0177
329,0.0195,0.0175
330,0.021500000000000002,0.015500000000000002
331,0.021500000000000002,0.015300000000000001
332,0.021500000000000002,0.015100000000000002
333,0.021500000000000002,0.014900000000000002
334,0.021500000000000002,0.014700000000000001
335,0.021500000000000002,0.014500000000000002
336,0.021500000000000002,0.014300000000000002
337,0.021500000000000002,0.014100000000000001
338,0.021500000000000002,0.013900000000000003
339,0.021500000000000002,0.0137
340,0.021500000000000002,0.013500000000000002
341,0.021300000000000003,0.015500000000000002
342,0.021300000000000003,0.015300000000000001
343,0.021300000000000003,0.015100000000000002
344,0.021300000000000003,0.014900000000000002
345,0.021300000000000003,0.014700000000000001
346,0.021300000000000003,0.014500000000000002
347,0.021300000000000003,0.014300000000000002
348,0.021300000000000003,0.014100000000000001
349,0.021300000000000003,0.013900000000000003
350,0.021300000000000003,0.0137
351,0.021300000000000003,0.013500000000000002
352,0.0211,0.015500000000000002
353,0.0211,0.015300000000000001
354,0.0211,0.015100000000000002
355,0.0211,0.014900000000000002
356,0.0211,0.014700000000000001
357,0.0211,0.014500000000000002
358,0.0211,0.014300000000000002
359,0.0211,0.014100000000000001
360,0.0211,0.013900000000000003
361,0.0211,0.0137
362,0.0211,0.013500000000000002
363,0.020900000000000002,0.015500000000000002
364,0.020900000000000002,0.015300000000000001
365,0.020900000000000002,0.015100000000000002
366,0.020900000000000002,0.014900000000000002
367,0.020900000000000002,0.014700000000000001
368,0.020900000000000002,0.014500000000000002
369,0.020900000000000002,0.014300000000000002
370,0.020900000000000002,0.014100000000000001
371,0.020900000000000002,0.013900000000000003
372,0.020900000000000002,0.0137
373,0.020900000000000002,0.013500000000000002
374,0.020700000000000003,0.015500000000000002
375,0.020700000000000003,0.015300000000000001
376,0.020700000000000003,0.015100000000000002
377,0.020700000000000003,0.014900000000000002
378,0.020700000000000003,0.014700000000000001
379,0.020700000000000003,0.014500000000000002
380,0.020700000000000003,0.014300000000000002
381,0.020700000000000003,0.014100000000000001
382,0.020700000000000003,0.013900000000000003
383,0.020700000000000003,0.0137
384,0.020700000000000003,0.013500000000000002
385,0.0205,0.015500000000000002
386,0.0205,0.015300000000000001
387,0.0205,0.015100000000000002
388,0.0205,0.014900000000000002
389,0.0205,0.014700000000000001
390,0.0205,0.014500000000000002
391,0.0205,0.014300000000000002
392,0.0205,0.014100000000000001
393,0.0205,0.013900000000000003
394,0.0205,0.0137
395,0.0205,0.013500000000000002
396,0.021500000000000002,0.0165
397,0.021500000000000002,0.016300000000000002
398,0.021500000000000002,0.016100000000000003
399,0.021500000000000002,0.015900000000000004
400,0.021500000000000002,0.015700000000000002
401,0.021500000000000002,0.015500000000000003
402,0.021500000000000002,0.015300000000000003
403,0.021500000000000002,0.015100000000000002
404,0.021500000000000002,0.014900000000000004
405,0.021500000000000002,0.014700000000000001
406,0.021500000000000002,0.014500000000000002
407,0.021300000000000003,0.0165
408,0.021300000000000003,0.016300000000000002
409,0.021300000000000003,0.016100000000000003
410,0.021300000000000003,0.015900000000000004
411,0.021300000000000003,0.015700000000000002
412,0.021300000000000003,0.015500000000000003
413,0.021300000000000003,0.015300000000000003
414,0.021300000000000003,0.015100000000000002
415,0.021300000000000003,0.014900000000000004
416,0.021300000000000003,0.014700000000000001
417,0.021300000000000003,0.014500000000000002
418,0.0211,0.0165
419,0.0211,0.016300000000000002
420,0.0211,0.016100000000000003
421,0.0211,0.015900000000000004
422,0.0211,0.015700000000000002
423,0.0211,0.015500000000000003
424,0.0211,0.015300000000000003
425,0.0211,0.015100000000000002
426,0.0211,0.014900000000000004
427,0.0211,0.014700000000000001
428,0.0211,0.014500000000000002
429,0.020900000000000002,0.0165
430,0.020900000000000002,0.016300000000000002
431,0.020900000000000002,0.016100000000000003
432,0.020900000000000002,0.015900000000000004
433,0.020900000000000002,0.015700000000000002
434,0.020900000000000002,0.015500000000000003
435,0.020900000000000002,0.015300000000000003
436,0.020900000000000002,0.015100000000000002
437,0.020900000000000002,0.014900000000000004
438,0.020900000000000002,0.014700000000000001
439,0.020900000000000002,0.014500000000000002
440,0.020700000000000003,0.0165
441,0.020700000000000003,0.016300000000000002
442,0.020700000000000003,0.016100000000000003
443,0.020700000000000003,0.015900000000000004
444,0.020700000000000003,0.015700000000000002
445,0.020700000000000003,0.015500000000000003
446,0.020700000000000003,0.015300000000000003
447,0.020700000000000003,0.015100000000000002
448,0.020700000000000003,0.014900000000000004
449,0.020700000000000003,0.014700000000000001
450,0.020700000000000003,0.014500000000000002
451,0.0205,0.0165
452,0.0205,0.016300000000000002
453,0.0205,0.016100000000000003
454,0.0205,0.015900000000000004
455,0.0205,0.015700000000000002
456,0.0205,0.015500000000000003
457,0.0205,0.015300000000000003
458,0.0205,0.015100000000000002
459,0.0205,0.014900000000000004
460,0.0205,0.014700000000000001
461,0.0205,0.014500000000000002
462,0.021500000000000002,0.0175
463,0.021500000000000002,0.0173
464,0.021500000000000002,0.0171
465,0.021500000000000002,0.0169
466,0.021500000000000002,0.0167
467,0.021500000000000002,0.0165
468,0.021500000000000002,0.016300000000000002
469,0.021500000000000002,0.0161
470,0.021500000000000002,0.0159
471,0.021500000000000002,0.0157
472,0.021500000000000002,0.0155
473,0.021300000000000003,0.0175
474,0.021300000000000003,0.0173
475,0.021300000000000003,0.0171
476,0.021300000000000003,0.0169
477,0.021300000000000003,0.0167
478,0.021300000000000003,0.0165
479,0.021300000000000003,0.016300000000000002
480,0.021300000000000003,0.0161
481,0.021300000000000003,0.0159
482,0.021300000000000003,0.0157
483,0.021300000000000003,0.0155
484,0.0211,0.0175
485,0.0211,0.0173
486,0.0211,0.0171
487,0.0211,0.0169
488,0.0211,0.0167
489,0.0211,0.0165
490,0.0211,0.016300000000000002
491,0.0211,0.0161
492,0.0211,0.0159
493,0.0211,0.0157
494,0.0211,0.0155
495,0.020900000000000002,0.0175
496,0.020900000000000002,0.0173
497,0.020900000000000002,0.0171
498,0.020900000000000002,0.0169
499,0.020900000000000002,0.0167
500,0.020900000000000002,0.0165
501,0.020900000000000002,0.016300000000000002
502,0.020900000000000002,0.0161
503,0.020900000000000002,0.0159
504,0.020900000000000002,0.0157
505,0.020900000000000002,0.0155
506,0.020700000000000003,0.0175
507,0.020700000000000003,0.0173
508,0.020700000000000003,0.0171
509,0.020700000000000003,0.0169
510,0.020700000000000003,0.0167
511,0.020700000000000003,0.0165
512,0.020700000000000003,0.016300000000000002
513,0.020700000000000003,0.0161
514,0.020700000000000003,0.0159
515,0.020700000000000003,0.0157
516,0.020700000000000003,0.0155
517,0.0205,0.0175
518,0.0205,0.0173
519,0.0205,0.0171
520,0.0205,0.0169
521,0.0205,0.0167
522,0.0205,0.0165
523,0.0205,0.016300000000000002
524,0.0205,0.0161
525,0.0205,0.0159
526,0.0205,0.0157
527,0.0205,0.0155
528,0.021500000000000002,0.018500000000000003
529,0.021500000000000002,0.0183
530,0.021500000000000002,0.0181
531,0.021500000000000002,0.0179
532,0.021500000000000002,0.0177
533,0.021500000000000002,0.0175
534,0.021500000000000002,0.017300000000000003
535,0.021500000000000002,0.0171
536,0.021500000000000002,0.016900000000000002
537,0.021500000000000002,0.0167
538,0.021500000000000002,0.0165
539,0.021300000000000003,0.018500000000000003
540,0.021300000000000003,0.0183
541,0.021300000000000003,0.0181
542,0.021300000000000003,0.0179
543,0.021300000000000003,0.0177
544,0.021300000000000003,0.0175
545,0.021300000000000003,0.017300000000000003
546,0.021300000000000003,0.0171
547,0.021300000000000003,0.016900000000000002
548,0.021300000000000003,0.0167
549,0.021300000000000003,0.0165
550,0.0211,0.018500000000000003
551,0.0211,0.0183
552,0.0211,0.0181
553,0.0211,0.0179
554,0.0211,0.0177
555,0.0211,0.0175
556,0.0211,0.017300000000000003
557,0.0211,0.0171
558,0.0211,0.016900000000000002
559,0.0211,0.0167
560,0.0211,0.0165
561,0.020900000000000002,0.018500000000000003
562,0.020900000000000002,0.0183
563,0.020900000000000002,0.0181
564,0.020900000000000002,0.0179
565,0.020900000000000002,0.0177
566,0.020900000000000002,0.0175
567,0.020900000000000002,0.017300000000000003
568,0.020900000000000002,0.0171
569,0.020900000000000002,0.016900000000000002
570,0.020900000000000002,0.0167
571,0.020900000000000002,0.0165
572,0.020700000000000003,0.018500000000000003
573,0.020700000000000003,0.0183
574,0.020700000000000003,0.0181
575,0.020700000000000003,0.0179
576,0.020700000000000003,0.0177
577,0.020700000000000003,0.0175
578,0.020700000000000003,0.017300000000000003
579,0.020700000000000003,0.0171
580,0.020700000000000003,0.016900000000000002
581,0.020700000000000003,0.0167
582,0.020700000000000003,0.0165
583,0.0205,0.018500000000000003
584,0.0205,0.0183
585,0.0205,0.0181
586,0.0205,0.0179
587,0.0205,0.0177
588,0.0205,0.0175
589,0.0205,0.017300000000000003
590,0.0205,0.0171
591,0.0205,0.016900000000000002
592,0.0205,0.0167
593,0.0205,0.0165
594,0.021500000000000002,0.019500000000000003
595,0.021500000000000002,0.0193
596,0.021500000000000002,0.019100000000000002
597,0.021500000000000002,0.0189
598,0.021500000000000002,0.0187
599,0.021500000000000002,0.018500000000000003
600,0.021500000000000002,0.018300000000000004
601,0.021500000000000002,0.0181
602,0.021500000000000002,0.017900000000000003
603,0.021500000000000002,0.0177
604,0.021500000000000002,0.0175
605,0.021300000000000003,0.019500000000000003
606,0.021300000000000003,0.0193
607,0.021300000000000003,0.019100000000000002
608,0.021300000000000003,0.0189
609,0.021300000000000003,0.0187
610,0.021300000000000003,0.018500000000000003
611,0.021300000000000003,0.018300000000000004
612,0.021300000000000003,0.0181
613,0.021300000000000003,0.017900000000000003
614,0.021300000000000003,0.0177
615,0.021300000000000003,0.0175
616,0.0211,0.019500000000000003
617,0.0211,0.0193
618,0.0211,0.019100000000000002
619,0.0211,0.0189
620,0.0211,0.0187
621,0.0211,0.018500000000000003
622,0.0211,0.018300000000000004
623,0.0211,0.0181
624,0.0211,0.017900000000000003
625,0.0211,0.0177
626,0.0211,0.0175
627,0.020900000000000002,0.019500000000000003
628,0.020900000000000002,0.0193
629,0.020900000000000002,0.019100000000000002
630,0.020900000000000002,0.0189
631,0.020900000000000002,0.0187
632,0.020900000000000002,0.018500000000000003
633,0.020900000000000002,0.018300000000000004
634,0.020900000000000002,0.0181
635,0.020900000000000002,0.017900000000000003
636,0.020900000000000002,0.0177
637,0.020900000000000002,0.0175
638,0.020700000000000003,0.019500000000000003
639,0.020700000000000003,0.0193
640,0.020700000000000003,0.019100000000000002
641,0.020700000000000003,0.0189
642,0.020700000000000003,0.0187
643,0.020700000000000003,0.018500000000000003
644,0.020700000000000003,0.018300000000000004
645,0.020700000000000003,0.0181
646,0.020700000000000003,0.017900000000000003
647,0.020700000000000003,0.0177
648,0.020700000000000003,0.0175
649,0.0205,0.019500000000000003
650,0.0205,0.0193
651,0.0205,0.019100000000000002
652,0.0205,0.0189
653,0.0205,0.0187
654,0.0205,0.018500000000000003
655,0.0205,0.018300000000000004
656,0.0205,0.0181
657,0.0205,0.017900000000000003
658,0.0205,0.0177
659,0.0205,0.0175
660,0.0225,0.015500000000000002
661,0.0225,0.015300000000000001
662,0.0225,0.015100000000000002
663,0.0225,0.014900000000000002
664,0.0225,0.014700000000000001
665,0.0225,0.014500000000000002
666,0.0225,0.014300000000000002
667,0.0225,0.014100000000000001
668,0.0225,0.013900000000000003
669,0.0225,0.0137
670,0.0225,0.013500000000000002
671,0.0223,0.015500000000000002
672,0.0223,0.015300000000000001
673,0.0223,0.015100000000000002
674,0.0223,0.014900000000000002
675,0.0223,0.014700000000000001
676,0.0223,0.014500000000000002
677,0.0223,0.014300000000000002
678,0.0223,0.014100000000000001
679,0.0223,0.013900000000000003
680,0.0223,0.0137
681,0.0223,0.013500000000000002
682,0.022099999999999998,0.015500000000000002
683,0.022099999999999998,0.015300000000000001
684,0.022099999999999998,0.015100000000000002
685,0.022099999999999998,0.014900000000000002
686,0.022099999999999998,0.014700000000000001
687,0.022099999999999998,0.014500000000000002
688,0.022099999999999998,0.014300000000000002
689,0.022099999999999998,0.014100000000000001
690,0.022099999999999998,0.013900000000000003
691,0.022099999999999998,0.0137
692,0.022099999999999998,0.013500000000000002
693,0.0219,0.015500000000000002
694,0.0219,0.015300000000000001
695,0.0219,0.015100000000000002
696,0.0219,0.014900000000000002
697,0.0219,0.014700000000000001
698,0.0219,0.014500000000000002
699,0.0219,0.014300000000000002
700,0.0219,0.014100000000000001
701,0.0219,0.013900000000000003
702,0.0219,0.0137
703,0.0219,0.013500000000000002
704,0.0217,0.015500000000000002
705,0.0217,0.015300000000000001
706,0.0217,0.015100000000000002
707,0.0217,0.014900000000000002
708,0.0217,0.014700000000000001
709,0.0217,0.014500000000000002
710,0.0217,0.014300000000000002
711,0.0217,0.014100000000000001
712,0.0217,0.013900000000000003
713,0.0217,0.0137
714,0.0217,0.013500000000000002
715,0.0215,0.015500000000000002
716,0.0215,0.015300000000000001
717,0.0215,0.015100000000000002
718,0.0215,0.014900000000000002
719,0.0215,0.014700000000000001
720,0.0215,0.014500000000000002
721,0.0215,0.014300000000000002
722,0.0215,0.014100000000000001
723,0.0215,0.013900000000000003
724,0.0215,0.0137
725,0.0215,0.013500000000000002
726,0.0225,0.0165
727,0.0225,0.016300000000000002
728,0.0225,0.016100000000000003
729,0.0225,0.015900000000000004
730,0.0225,0.015700000000000002
731,0.0225,0.015500000000000003
732,0.0225,0.015300000000000003
733,0.0225,0.015100000000000002
734,0.0225,0.014900000000000004
735,0.0225,0.014700000000000001
736,0.0225,0.014500000000000002
737,0.0223,0.0165
738,0.0223,0.016300000000000002
739,0.0223,0.016100000000000003
740,0.0223,0.015900000000000004
741,0.0223,0.015700000000000002
742,0.0223,0.015500000000000003
743,0.0223,0.015300000000000003
744,0.0223,0.015100000000000002
745,0.0223,0.014900000000000004
746,0.0223,0.014700000000000001
747,0.0223,0.014500000000000002
748,0.022099999999999998,0.0165
749,0.022099999999999998,0.016300000000000002
750,0.022099999999999998,0.016100000000000003
751,0.022099999999999998,0.015900000000000004
752,0.022099999999999998,0.015700000000000002
753,0.022099999999999998,0.015500000000000003
754,0.022099999999999998,0.015300000000000003
755,0.022099999999999998,0.015100000000000002
756,0.022099999999999998,0.014900000000000004
757,0.022099999999999998,0.014700000000000001
758,0.022099999999999998,0.014500000000000002
759,0.0219,0.0165
760,0.0219,0.016300000000000002
761,0.0219,0.016100000000000003
762,0.0219,0.015900000000000004
763,0.0219,0.015700000000000002
764,0.0219,0.015500000000000003
765,0.0219,0.015300000000000003
766,0.0219,0.015100000000000002
767,0.0219,0.014900000000000004
768,0.0219,0.014700000000000001
769,0.0219,0.014500000000000002
770,0.0217,0.0165
771,0.0217,0.016300000000000002
772,0.0217,0.016100000000000003
773,0.0217,0.015900000000000004
774,0.0217,0.015700000000000002
775,0.0217,0.015500000000000003
776,0.0217,0.015300000000000003
777,0.0217,0.015100000000000002
778,0.0217,0.014900000000000004
779,0.0217,0.014700000000000001
780,0.0217,0.014500000000000002
781,0.0215,0.0165
782,0.0215,0.016300000000000002
783,0.0215,0.016100000000000003
784,0.0215,0.015900000000000004
785,0.0215,0.015700000000000002
786,0.0215,0.015500000000000003
787,0.0215,0.015300000000000003
788,0.0215,0.015100000000000002
789,0.0215,0.014900000000000004
790,0.0215,0.014700000000000001
791,0.0215,0.014500000000000002
792,0.0225,0.0175
793,0.0225,0.0173
794,0.0225,0.0171
795,0.0225,0.0169
796,0.0225,0.0167
797,0.0225,0.0165
798,0.0225,0.016300000000000002
799,0.0225,0.0161
800,0.0225,0.0159
801,0.0225,0.0157
802,0.0225,0.0155
803,0.0223,0.0175
804,0.0223,0.0173
805,0.0223,0.0171
806,0.0223,0.0169
807,0.0223,0.0167
808,0.0223,0.0165
809,0.0223,0.016300000000000002
810,0.0223,0.0161
811,0.0223,0.0159
812,0.0223,0.0157
813,0.0223,0.0155
814,0.022099999999999998,0.0175
815,0.022099999999999998,0.0173
816,0.022099999999999998,0.0171
817,0.022099999999999998,0.0169
818,0.022099999999999998,0.0167
819,0.022099999999999998,0.0165
820,0.022099999999999998,0.016300000000000002
821,0.022099999999999998,0.0161
822,0.022099999999999998,0.0159
823,0.022099999999999998,0.0157
824,0.022099999999999998,0.0155
825,0.0219,0.0175
826,0.0219,0.0173
827,0.0219,0.0171
828,0.0219,0.0169
829,0.0219,0.0167
830,0.0219,0.0165
831,0.0219,0.016300000000000002
832,0.0219,0.0161
833,0.0219,0.0159
834,0.0219,0.0157
835,0.0219,0.0155
836,0.0217,0.0175
837,0.0217,0.0173
838,0.0217,0.0171
839,0.0217,0.0169
840,0.0217,0.0167
841,0.0217,0.0165
842,0.0217,0.016300000000000002
843,0.0217,0.0161
844,0.0217,0.0159
845,0.0217,0.0157
846,0.0217,0.0155
847,0.0215,0.0175
848,0.0215,0.0173
849,0.0215,0.0171
850,0.0215,0.0169
851,0.0215,0.0167
852,0.0215,0.0165
853,0.0215,0.016300000000000002
854,0.0215,0.0161
855,0.0215,0.0159
856,0.0215,0.0157
857,0.0215,0.0155
858,0.0225,0.018500000000000003
859,0.0225,0.0183
860,0.0225,0.0181
861,0.0225,0.0179
862,0.0225,0.0177
863,0.0225,0.0175
864,0.0225,0.017300000000000003
865,0.0225,0.0171
866,0.0225,0.016900000000000002
867,0.0225,0.0167
868,0.0225,0.0165
869,0.0223,0.018500000000000003
870,0.0223,0.0183
871,0.0223,0.0181
872,0.0223,0.0179
873,0.0223,0.0177
874,0.0223,0.0175
875,0.0223,0.017300000000000003
876,0.0223,0.0171
877,0.0223,0.016900000000000002
878,0.0223,0.0167
879,0.0223,0.0165
880,0.022099999999999998,0.018500000000000003
881,0.022099999999999998,0.0183
882,0.022099999999999998,0.0181
883,0.022099999999999998,0.0179
884,0.022099999999999998,0.0177
885,0.022099999999999998,0.0175
886,0.022099999999999998,0.017300000000000003
887,0.022099999999999998,0.0171
888,0.022099999999999998,0.016900000000000002
889,0.022099999999999998,0.0167
890,0.022099999999999998,0.0165
891,0.0219,0.018500000000000003
892,0.0219,0.0183
893,0.0219,0.0181
894,0.0219,0.0179
895,0.0219,0.0177
896,0.0219,0.0175
897,0.0219,0.017300000000000003
898,0.0219,0.0171
899,0.0219,0.016900000000000002
900,0.0219,0.0167
901,0.0219,0.0165
902,0.0217,0.018500000000000003
903,0.0217,0.0183
904,0.0217,0.0181
905,0.0217,0.0179
906,0.0217,0.0177
907,0.0217,0.0175
908,0.0217,0.017300000000000003
909,0.0217,0.0171
910,0.0217,0.016900000000000002
911,0.0217,0.0167
912,0.0217,0.0165
913,0.0215,0.018500000000000003
914,0.0215,0.0183
915,0.0215,0.0181
916,0.0215,0.0179
917,0.0215,0.0177
918,0.0215,0.0175
919,0.0215,0.017300000000000003
920,0.0215,0.0171
921,0.0215,0.016900000000000002
922,0.0215,0.0167
923,0.0215,0.0165
924,0.0225,0.019500000000000003
925,0.0225,0.0193
926,0.0225,0.019100000000000002
927,0.0225,0.0189
928,0.0225,0.0187
929,0.0225,0.018500000000000003
930,0.0225,0.018300000000000004
931,0.0225,0.0181
932,0.0225,0.017900000000000003
933,0.0225,0.0177
934,0.0225,0.0175
935,0.0223,0.019500000000000003
936,0.0223,0.0193
937,0.0223,0.019100000000000002
938,0.0223,0.0189
939,0.0223,0.0187
940,0.0223,0.018500000000000003
941,0.0223,0.018300000000000004
942,0.0223,0.0181
943,0.0223,0.017900000000000003
944,0.0223,0.0177
945,0.0223,0.0175
946,0.022099999999999998,0.019500000000000003
947,0.022099999999999998,0.0193
948,0.022099999999999998,0.019100000000000002
949,0.022099999999999998,0.0189
950,0.022099999999999998,0.0187
951,0.022099999999999998,0.018500000000000003
952,0.022099999999999998,0.018300000000000004
953,0.022099999999999998,0.0181
954,0.022099999999999998,0.017900000000000003
955,0.022099999999999998,0.0177
956,0.022099999999999998,0.0175
957,0.0219,0.019500000000000003
958,0.0219,0.0193
959,0.0219,0.019100000000000002
960,0.0219,0.0189
961,0.0219,0.0187
962,0.0219,0.018500000000000003
963,0.0219,0.018300000000000004
964,0.0219,0.0181
965,0.0219,0.017900000000000003
966,0.0219,0.0177
967,0.0219,0.0175
968,0.0217,0.019500000000000003
969,0.0217,0.0193
970,0.0217,0.019100000000000002
971,0.0217,0.0189
972,0.0217,0.0187
973,0.0217,0.018500000000000003
974,0.0217,0.018300000000000004
975,0.0217,0.0181
976,0.0217,0.017900000000000003
977,0.0217,0.0177
978,0.0217,0.0175
979,0.0215,0.019500000000000003
980,0.0215,0.0193
981,0.0215,0.019100000000000002
982,0.0215,0.0189
983,0.0215,0.0187
984,0.0215,0.018500000000000003
985,0.0215,0.018300000000000004
986,0.0215,0.0181
987,0.0215,0.017900000000000003
988,0.0215,0.0177
989,0.0215,0.0175
990,0.0235,0.015500000000000002
991,0.0235,0.015300000000000001
992,0.0235,0.015100000000000002
993,0.0235,0.014900000000000002
994,0.0235,0.014700000000000001
995,0.0235,0.014500000000000002
996,0.0235,0.014300000000000002
997,0.0235,0.014100000000000001
998,0.0235,0.013900000000000003
999,0.0235,0.0137
1000,0.0235,0.013500000000000002
1001,0.0233,0.015500000000000002
1002,0.0233,0.015300000000000001
1003,0.0233,0.015100000000000002
1004,0.0233,0.014900000000000002
1005,0.0233,0.014700000000000001
1006,0.0233,0.014500000000000002
1007,0.0233,0.014300000000000002
1008,0.0233,0.014100000000000001
1009,0.0233,0.013900000000000003
1010,0.0233,0.0137
1011,0.0233,0.013500000000000002
1012,0.0231,0.015500000000000002
1013,0.0231,0.015300000000000001
1014,0.0231,0.015100000000000002
1015,0.0231,0.014900000000000002
1016,0.0231,0.014700000000000001
1017,0.0231,0.014500000000000002
1018,0.0231,0.014300000000000002
1019,0.0231,0.014100000000000001
1020,0.0231,0.013900000000000003
1021,0.0231,0.0137
1022,0.0231,0.013500000000000002
1023,0.0229,0.015500000000000002
1024,0.0229,0.015300000000000001
1025,0.0229,0.015100000000000002
1026,0.0229,0.014900000000000002
1027,0.0229,0.014700000000000001
1028,0.0229,0.014500000000000002
1029,0.0229,0.014300000000000002
1030,0.0229,0.014100000000000001
1031,0.0229,0.013900000000000003
1032,0.0229,0.0137
1033,0.0229,0.013500000000000002
1034,0.0227,0.015500000000000002
1035,0.0227,0.015300000000000001
1036,0.0227,0.015100000000000002
1037,0.0227,0.014900000000000002
1038,0.0227,0.014700000000000001
1039,0.0227,0.014500000000000002
1040,0.0227,0.014300000000000002
1041,0.0227,0.014100000000000001
1042,0.0227,0.013900000000000003
1043,0.0227,0.0137
1044,0.0227,0.013500000000000002
1045,0.0225,0.015500000000000002
1046,0.0225,0.015300000000000001
1047,0.0225,0.015100000000000002
1048,0.0225,0.014900000000000002
1049,0.0225,0.014700000000000001
1050,0.0225,0.014500000000000002
1051,0.0225,0.014300000000000002
1052,0.0225,0.014100000000000001
1053,0.0225,0.013900000000000003
1054,0.0225,0.0137
1055,0.0225,0.013500000000000002
1056,0.0235,0.0165
1057,0.0235,0.016300000000000002
1058,0.0235,0.016100000000000003
1059,0.0235,0.015900000000000004
1060,0.0235,0.015700000000000002
1061,0.0235,0.015500000000000003
1062,0.0235,0.015300000000000003
1063,0.0235,0.015100000000000002
1064,0.0235,0.014900000000000004
1065,0.0235,0.014700000000000001
1066,0.0235,0.014500000000000002
1067,0.0233,0.0165
1068,0.0233,0.016300000000000002
1069,0.0233,0.016100000000000003
1070,0.0233,0.015900000000000004
1071,0.0233,0.015700000000000002
1072,0.0233,0.015500000000000003
1073,0.0233,0.015300000000000003
1074,0.0233,0.015100000000000002
1075,0.0233,0.014900000000000004
1076,0.0233,0.014700000000000001
1077,0.0233,0.014500000000000002
1078,0.0231,0.0165
1079,0.0231,0.016300000000000002
1080,0.0231,0.016100000000000003
1081,0.0231,0.015900000000000004
1082,0.0231,0.015700000000000002
1083,0.0231,0.015500000000000003
1084,0.0231,0.015300000000000003
1085,0.0231,0.015100000000000002
1086,0.0231,0.014900000000000004
1087,0.0231,0.014700000000000001
1088,0.0231,0.014500000000000002
1089,0.0229,0.0165
1090,0.0229,0.016300000000000002
1091,0.0229,0.016100000000000003
1092,0.0229,0.015900000000000004
1093,0.0229,0.015700000000000002
1094,0.0229,0.015500000000000003
1095,0.0229,0.015300000000000003
1096,0.0229,0.015100000000000002
1097,0.0229,0.014900000000000004
1098,0.0229,0.014700000000000001
1099,0.0229,0.014500000000000002
1100,0.0227,0.0165
1101,0.0227,0.016300000000000002
1102,0.0227,0.016100000000000003
1103,0.0227,0.015900000000000004
1104,0.0227,0.015700000000000002
1105,0.0227,0.015500000000000003
1106,0.0227,0.015300000000000003
1107,0.0227,0.015100000000000002
1108,0.0227,0.014900000000000004
1109,0.0227,0.014700000000000001
1110,0.0227,0.014500000000000002
1111,0.0225,0.0165
1112,0.0225,0.016300000000000002
1113,0.0225,0.016100000000000003
1114,0.0225,0.015900000000000004
1115,0.0225,0.015700000000000002
1116,0.0225,0.015500000000000003
1117,0.0225,0.015300000000000003
1118,0.0225,0.015100000000000002
1119,0.0225,0.014900000000000004
1120,0.0225,0.014700000000000001
1121,0.0225,0.014500000000000002
1122,0.0235,0.0175
1123,0.0235,0.0173
1124,0.0235,0.0171
1125,0.0235,0.0169
1126,0.0235,0.0167
1127,0.0235,0.0165
1128,0.0235,0.016300000000000002
1129,0.0235,0.0161
1130,0.0235,0.0159
1131,0.0235,0.0157
1132,0.0235,0.0155
1133,0.0233,0.0175
1134,0.0233,0.0173
1135,0.0233,0.0171
1136,0.0233,0.0169
1137,0.0233,0.0167
1138,0.0233,0.0165
1139,0.0233,0.016300000000000002
1140,0.0233,0.0161
1141,0.0233,0.0159
1142,0.0233,0.0157
1143,0.0233,0.0155
1144,0.0231,0.0175
1145,0.0231,0.0173
1146,0.0231,0.0171
1147,0.0231,0.0169
1148,0.0231,0.0167
1149,0.0231,0.0165
1150,0.0231,0.016300000000000002
1151,0.0231,0.0161
1152,0.0231,0.0159
1153,0.0231,0.0157
1154,0.0231,0.0155
1155,0.0229,0.0175
1156,0.0229,0.0173
1157,0.0229,0.0171
1158,0.0229,0.0169
1159,0.0229,0.0167
1160,0.0229,0.0165
1161,0.0229,0.016300000000000002
1162,0.0229,0.0161
1163,0.0229,0.0159
1164,0.0229,0.0157
1165,0.0229,0.0155
1166,0.0227,0.0175
1167,0.0227,0.0173
1168,0.0227,0.0171
1169,0.0227,0.0169
1170,0.0227,0.0167
1171,0.0227,0.0165
1172,0.0227,0.016300000000000002
1173,0.0227,0.0161
1174,0.0227,0.0159
1175,0.0227,0.0157
1176,0.0227,0.0155
1177,0.0225,0.0175
1178,0.0225,0.0173
1179,0.0225,0.0171
1180,0.0225,0.0169
1181,0.0225,0.0167
1182,0.0225,0.0165
1183,0.0225,0.016300000000000002
1184,0.0225,0.0161
1185,0.0225,0.0159
1186,0.0225,0.0157
1187,0.0225,0.0155
1188,0.0235,0.018500000000000003
1189,0.0235,0.0183
1190,0.0235,0.0181
1191,0.0235,0.0179
1192,0.0235,0.0177
1193,0.0235,0.0175
1194,0.0235,0.017300000000000003
1195,0.0235,0.0171
1196,0.0235,0.016900000000000002
1197,0.0235,0.0167
1198,0.0235,0.0165
1199,0.0233,0.018500000000000003
1200,0.0233,0.0183
1201,0.0233,0.0181
1202,0.0233,0.0179
1203,0.0233,0.0177
1204,0.0233,0.0175
1205,0.0233,0.017300000000000003
1206,0.0233,0.0171
1207,0.0233,0.016900000000000002
1208,0.0233,0.0167
1209,0.0233,0.0165
1210,0.0231,0.018500000000000003
1211,0.0231,0.0183
1212,0.0231,0.0181
1213,0.0231,0.0179
1214,0.0231,0.0177
1215,0.0231,0.0175
1216,0.0231,0.017300000000000003
1217,0.0231,0.0171
1218,0.0231,0.016900000000000002
1219,0.0231,0.0167
1220,0.0231,0.0165
1221,0.0229,0.018500000000000003
1222,0.0229,0.0183
1223,0.0229,0.0181
1224,0.0229,0.0179
1225,0.0229,0.0177
1226,0.0229,0.0175
1227,0.0229,0.017300000000000003
1228,0.0229,0.0171
1229,0.0229,0.016900000000000002
1230,0.0229,0.0167
1231,0.0229,0.0165
1232,0.0227,0.018500000000000003
1233,0.0227,0.0183
1234,0.0227,0.0181
1235,0.0227,0.0179
1236,0.0227,0.0177
1237,0.0227,0.0175
1238,0.0227,0.017300000000000003
1239,0.0227,0.0171
1240,0.0227,0.016900000000000002
1241,0.0227,0.0167
1242,0.0227,0.0165
1243,0.0225,0.018500000000000003
1244,0.0225,0.0183
1245,0.0225,0.0181
1246,0.0225,0.0179
1247,0.0225,0.0177
1248,0.0225,0.0175
1249,0.0225,0.017300000000000003
1250,0.0225,0.0171
1251,0.0225,0.016900000000000002
1252,0.0225,0.0167
1253,0.0225,0.0165
1254,0.0235,0.019500000000000003
1255,0.0235,0.0193
1256,0.0235,0.019100000000000002
1257,0.0235,0.0189
1258,0.0235,0.0187
1259,0.0235,0.018500000000000003
1260,0.0235,0.018300000000000004
1261,0.0235,0.0181
1262,0.0235,0.017900000000000003
1263,0.0235,0.0177
1264,0.0235,0.0175
1265,0.0233,0.019500000000000003
1266,0.0233,0.0193
1267,0.0233,0.019100000000000002
1268,0.0233,0.0189
1269,0.0233,0.0187
1270,0.0233,0.018500000000000003
1271,0.0233,0.018300000000000004
1272,0.0233,0.0181
1273,0.0233,0.017900000000000003
1274,0.0233,0.0177
1275,0.0233,0.0175
1276,0.0231,0.019500000000000003
1277,0.0231,0.0193
1278,0.0231,0.019100000000000002
1279,0.0231,0.0189
1280,0.0231,0.0187
1281,0.0231,0.018500000000000003
1282,0.0231,0.018300000000000004
1283,0.0231,0.0181
1284,0.0231,0.017900000000000003
1285,0.0231,0.0177
1286,0.0231,0.0175
1287,0.0229,0.019500000000000003
1288,0.0229,0.0193
1289,0.0229,0.019100000000000002
1290,0.0229,0.0189
1291,0.0229,0.0187
1292,0.0229,0.018500000000000003
1293,0.0229,0.018300000000000004
1294,0.0229,0.0181
1295,0.0229,0.017900000000000003
1296,0.0229,0.0177
1297,0.0229,0.0175
1298,0.0227,0.019500000000000003
1299,0.0227,0.0193
1300,0.0227,0.019100000000000002
1301,0.0227,0.0189
1302,0.0227,0.0187
1303,0.0227,0.018500000000000003
1304,0.0227,0.018300000000000004
1305,0.0227,0.0181
1306,0.0227,0.017900000000000003
1307,0.0227,0.0177
1308,0.0227,0.0175
1309,0.0225,0.019500000000000003
1310,0.0225,0.0193
1311,0.0225,0.019100000000000002
1312,0.0225,0.0189
1313,0.0225,0.0187
1314,0.0225,0.018500000000000003
1315,0.0225,0.018300000000000004
1316,0.0225,0.0181
1317,0.0225,0.017900000000000003
1318,0.0225,0.0177
1319,0.0225,0.0175
1320,0.0245,0.015500000000000002
1321,0.0245,0.015300000000000001
1322,0.0245,0.015100000000000002
1323,0.0245,0.014900000000000002
1324,0.0245,0.014700000000000001
1325,0.0245,0.014500000000000002
1326,0.0245,0.014300000000000002
1327,0.0245,0.014100000000000001
1328,0.0245,0.013900000000000003
1329,0.0245,0.0137
1330,0.0245,0.013500000000000002
1331,0.024300000000000002,0.015500000000000002
1332,0.024300000000000002,0.015300000000000001
1333,0.024300000000000002,0.015100000000000002
1334,0.024300000000000002,0.014900000000000002
1335,0.024300000000000002,0.014700000000000001
1336,0.024300000000000002,0.014500000000000002
1337,0.024300000000000002,0.014300000000000002
1338,0.024300000000000002,0.014100000000000001
1339,0.024300000000000002,0.013900000000000003
1340,0.024300000000000002,0.0137
1341,0.024300000000000002,0.013500000000000002
1342,0.0241,0.015500000000000002
1343,0.0241,0.015300000000000001
1344,0.0241,0.015100000000000002
1345,0.0241,0.014900000000000002
1346,0.0241,0.014700000000000001
1347,0.0241,0.014500000000000002
1348,0.0241,0.014300000000000002
1349,0.0241,0.014100000000000001
1350,0.0241,0.013900000000000003
1351,0.0241,0.0137
1352,0.0241,0.013500000000000002
1353,0.0239,0.015500000000000002
1354,0.0239,0.015300000000000001
1355,0.0239,0.015100000000000002
1356,0.0239,0.014900000000000002
1357,0.0239,0.014700000000000001
1358,0.0239,0.014500000000000002
1359,0.0239,0.014300000000000002
1360,0.0239,0.014100000000000001
1361,0.0239,0.013900000000000003
1362,0.0239,0.0137
1363,0.0239,0.013500000000000002
1364,0.023700000000000002,0.015500000000000002
1365,0.023700000000000002,0.015300000000000001
1366,0.023700000000000002,0.015100000000000002
1367,0.023700000000000002,0.014900000000000002
1368,0.023700000000000002,0.014700000000000001
1369,0.023700000000000002,0.014500000000000002
1370,0.023700000000000002,0.014300000000000002
1371,0.023700000000000002,0.014100000000000001
1372,0.023700000000000002,0.013900000000000003
1373,0.023700000000000002,0.0137
1374,0.023700000000000002,0.013500000000000002
1375,0.0235,0.015500000000000002
1376,0.0235,0.015300000000000001
1377,0.0235,0.015100000000000002
1378,0.0235,0.014900000000000002
1379,0.0235,0.014700000000000001
1380,0.0235,0.014500000000000002
1381,0.0235,0.014300000000000002
1382,0.0235,0.014100000000000001
1383,0.0235,0.013900000000000003
1384,0.0235,0.0137
1385,0.0235,0.013500000000000002
1386,0.0245,0.0165
1387,0.0245,0.016300000000000002
1388,0.0245,0.016100000000000003
1389,0.0245,0.015900000000000004
1390,0.0245,0.015700000000000002
1391,0.0245,0.015500000000000003
1392,0.0245,0.015300000000000003
1393,0.0245,0.015100000000000002
1394,0.0245,0.014900000000000004
1395,0.0245,0.014700000000000001
1396,0.0245,0.014500000000000002
1397,0.024300000000000002,0.0165
1398,0.024300000000000002,0.016300000000000002
1399,0.024300000000000002,0.016100000000000003
1400,0.024300000000000002,0.015900000000000004
1401,0.024300000000000002,0.015700000000000002
1402,0.024300000000000002,0.015500000000000003
1403,0.024300000000000002,0.015300000000000003
1404,0.024300000000000002,0.015100000000000002
1405,0.024300000000000002,0.014900000000000004
1406,0.024300000000000002,0.014700000000000001
1407,0.024300000000000002,0.014500000000000002
1408,0.0241,0.0165
1409,0.0241,0.016300000000000002
1410,0.0241,0.016100000000000003
1411,0.0241,0.015900000000000004
1412,0.0241,0.015700000000000002
1413,0.0241,0.015500000000000003
1414,0.0241,0.015300000000000003
1415,0.0241,0.015100000000000002
1416,0.0241,0.014900000000000004
1417,0.0241,0.014700000000000001
1418,0.0241,0.014500000000000002
1419,0.0239,0.0165
1420,0.0239,0.016300000000000002
1421,0.0239,0.016100000000000003
1422,0.0239,0.015900000000000004
1423,0.0239,0.015700000000000002
1424,0.0239,0.015500000000000003
1425,0.0239,0.015300000000000003
1426,0.0239,0.015100000000000002
1427,0.0239,0.014900000000000004
1428,0.0239,0.014700000000000001
1429,0.0239,0.014500000000000002
1430,0.023700000000000002,0.0165
1431,0.023700000000000002,0.016300000000000002
1432,0.023700000000000002,0.016100000000000003
1433,0.023700000000000002,0.015900000000000004
1434,0.023700000000000002,0.015700000000000002
1435,0.023700000000000002,0.015500000000000003
1436,0.023700000000000002,0.015300000000000003
1437,0.023700000000000002,0.015100000000000002
1438,0.023700000000000002,0.014900000000000004
1439,0.023700000000000002,0.014700000000000001
1440,0.023700000000000002,0.014500000000000002
1441,0.0235,0.0165
1442,0.0235,0.016300000000000002
1443,0.0235,0.016100000000000003
1444,0.0235,0.015900000000000004
1445,0.0235,0.015700000000000002
1446,0.0235,0.015500000000000003
1447,0.0235,0.015300000000000003
1448,0.0235,0.015100000000000002
1449,0.0235,0.014900000000000004
1450,0.0235,0.014700000000000001
1451,0.0235,0.014500000000000002
1452,0.0245,0.0175
1453,0.0245,0.0173
1454,0.0245,0.0171
1455,0.0245,0.0169
1456,0.0245,0.0167
1457,0.0245,0.0165
1458,0.0245,0.016300000000000002
1459,0.0245,0.0161
1460,0.0245,0.0159
1461,0.0245,0.0157
1462,0.0245,0.0155
1463,0.024300000000000002,0.0175
1464,0.024300000000000002,0.0173
1465,0.024300000000000002,0.0171
1466,0.024300000000000002,0.0169
1467,0.024300000000000002,0.0167
1468,0.024300000000000002,0.0165
1469,0.024300000000000002,0.016300000000000002
1470,0.024300000000000002,0.0161
1471,0.024300000000000002,0.0159
1472,0.024300000000000002,0.0157
1473,0.024300000000000002,0.0155
1474,0.0241,0.0175
1475,0.0241,0.0173
1476,0.0241,0.0171
1477,0.0241,0.0169
1478,0.0241,0.0167
1479,0.0241,0.0165
1480,0.0241,0.016300000000000002
1481,0.0241,0.0161
1482,0.0241,0.0159
1483,0.0241,0.0157
1484,0.0241,0.0155
1485,0.0239,0.0175
1486,0.0239,0.0173
1487,0.0239,0.0171
1488,0.0239,0.0169
1489,0.0239,0.0167
1490,0.0239,0.0165
1491,0.0239,0.016300000000000002
1492,0.0239,0.0161
1493,0.0239,0.0159
1494,0.0239,0.0157
1495,0.0239,0.0155
1496,0.023700000000000002,0.0175
1497,0.023700000000000002,0.0173
1498,0.023700000000000002,0.0171
1499,0.023700000000000002,0.0169
1500,0.023700000000000002,0.0167
1501,0.023700000000000002,0.0165
1502,0.023700000000000002,0.016300000000000002
1503,0.023700000000000002,0.0161
1504,0.023700000000000002,0.0159
1505,0.023700000000000002,0.0157
1506,0.023700000000000002,0.0155
1507,0.0235,0.0175
1508,0.0235,0.0173
1509,0.0235,0.0171
1510,0.0235,0.0169
1511,0.0235,0.0167
1512,0.0235,0.0165
1513,0.0235,0.016300000000000002
1514,0.0235,0.0161
1515,0.0235,0.0159
1516,0.0235,0.0157
1517,0.0235,0.0155
1518,0.0245,0.018500000000000003
1519,0.0245,0.0183
1520,0.0245,0.0181
1521,0.0245,0.0179
1522,0.0245,0.0177
1523,0.0245,0.0175
1524,0.0245,0.017300000000000003
1525,0.0245,0.0171
1526,0.0245,0.016900000000000002
1527,0.0245,0.0167
1528,0.0245,0.0165
1529,0.024300000000000002,0.018500000000000003
1530,0.024300000000000002,0.0183
1531,0.024300000000000002,0.0181
1532,0.024300000000000002,0.0179
1533,0.024300000000000002,0.0177
1534,0.024300000000000002,0.0175
1535,0.024300000000000002,0.017300000000000003
1536,0.024300000000000002,0.0171
1537,0.024300000000000002,0.016900000000000002
1538,0.024300000000000002,0.0167
1539,0.024300000000000002,0.0165
1540,0.0241,0.018500000000000003
1541,0.0241,0.0183
1542,0.0241,0.0181
1543,0.0241,0.0179
1544,0.0241,0.0177
1545,0.0241,0.0175
1546,0.0241,0.017300000000000003
1547,0.0241,0.0171
1548,0.0241,0.016900000000000002
1549,0.0241,0.0167
1550,0.0241,0.0165
1551,0.0239,0.018500000000000003
1552,0.0239,0.0183
1553,0.0239,0.0181
1554,0.0239,0.0179
1555,0.0239,0.0177
1556,0.0239,0.0175
1557,0.0239,0.017300000000000003
1558,0.0239,0.0171
1559,0.0239,0.016900000000000002
1560,0.0239,0.0167
1561,0.0239,0.0165
1562,0.023700000000000002,0.018500000000000003
1563,0.023700000000000002,0.0183
1564,0.023700000000000002,0.0181
1565,0.023700000000000002,0.0179
1566,0.023700000000000002,0.0177
1567,0.023700000000000002,0.0175
1568,0.023700000000000002,0.017300000000000003
1569,0.023700000000000002,0.0171
1570,0.023700000000000002,0.016900000000000002
1571,0.023700000000000002,0.0167
1572,0.023700000000000002,0.0165
1573,0.0235,0.018500000000000003
1574,0.0235,0.0183
1575,0.0235,0.0181
1576,0.0235,0.0179
1577,0.0235,0.0177
1578,0.0235,0.0175
1579,0.0235,0.017300000000000003
1580,0.0235,0.0171
1581,0.0235,0.016900000000000002
1582,0.0235,0.0167
1583,0.0235,0.0165
1584,0.0245,0.019500000000000003
1585,0.0245,0.0193
1586,0.0245,0.019100000000000002
1587,0.0245,0.0189
1588,0.0245,0.0187
1589,0.0245,0.018500000000000003
1590,0.0245,0.018300000000000004
1591,0.0245,0.0181
1592,0.0245,0.017900000000000003
1593,0.0245,0.0177
1594,0.0245,0.0175
1595,0.024300000000000002,0.019500000000000003
1596,0.024300000000000002,0.0193
1597,0.024300000000000002,0.019100000000000002
1598,0.024300000000000002,0.0189
1599,0.024300000000000002,0.0187
1600,0.024300000000000002,0.018500000000000003
1601,0.024300000000000002,0.018300000000000004
1602,0.024300000000000002,0.0181
1603,0.024300000000000002,0.017900000000000003
1604,0.024300000000000002,0.0177
1605,0.024300000000000002,0.0175
1606,0.0241,0.019500000000000003
1607,0.0241,0.0193
1608,0.0241,0.019100000000000002
1609,0.0241,0.0189
1610,0.0241,0.0187
1611,0.0241,0.018500000000000003
1612,0.0241,0.018300000000000004
1613,0.0241,0.0181
1614,0.0241,0.017900000000000003
1615,0.0241,0.0177
1616,0.0241,0.0175
1617,0.0239,0.019500000000000003
1618,0.0239,0.0193
1619,0.0239,0.019100000000000002
1620,0.0239,0.0189
1621,0.0239,0.0187
1622,0.0239,0.018500000000000003
1623,0.0239,0.018300000000000004
1624,0.0239,0.0181
1625,0.0239,0.017900000000000003
1626,0.0239,0.0177
1627,0.0239,0.0175
1628,0.023700000000000002,0.019500000000000003
1629,0.023700000000000002,0.0193
1630,0.023700000000000002,0.019100000000000002
1631,0.023700000000000002,0.0189
1632,0.023700000000000002,0.0187
1633,0.023700000000000002,0.018500000000000003
1634,0.023700000000000002,0.018300000000000004
1635,0.023700000000000002,0.0181
1636,0.023700000000000002,0.017900000000000003
1637,0.023700000000000002,0.0177
1638,0.023700000000000002,0.0175
1639,0.0235,0.019500000000000003
1640,0.0235,0.0193
1641,0.0235,0.019100000000000002
1642,0.0235,0.0189
1643,0.0235,0.0187
1644,0.0235,0.018500000000000003
1645,0.0235,0.018300000000000004
1646,0.0235,0.0181
1647,0.0235,0.017900000000000003
1648,0.0235,0.0177
1649,0.0235,0.0175
